ICB22CD,ICB22NM,mh_snomed,mhsds_flag,Der_Financial_Year,attends,treat_time_total,depart_time_total,treat_time_avg,depart_time_avg
E54000008,NHS Cheshire and Merseyside Integrated Care Board,0,0,2019/20,508417,48649053,117980231,95.68730589,232.0540639
E54000008,NHS Cheshire and Merseyside Integrated Care Board,0,0,2020/21,432159,32300964,86329867,74.74324034,199.7641308
E54000008,NHS Cheshire and Merseyside Integrated Care Board,0,0,2021/22,572511,73560776,175035640,128.4879697,305.7332348
E54000008,NHS Cheshire and Merseyside Integrated Care Board,0,0,2022/23,559722,70362763,211955676,125.7101972,378.6802663
E54000008,NHS Cheshire and Merseyside Integrated Care Board,0,0,2023/24,571437,68318265,217250458,119.5552003,380.1826938
E54000008,NHS Cheshire and Merseyside Integrated Care Board,0,1,2019/20,234722,24742964,66938574,105.4139109,285.1823604
E54000008,NHS Cheshire and Merseyside Integrated Care Board,0,1,2020/21,204425,17144513,49593097,83.86700746,242.5980042
E54000008,NHS Cheshire and Merseyside Integrated Care Board,0,1,2021/22,233383,34341224,91048996,147.1453533,390.1269416
E54000008,NHS Cheshire and Merseyside Integrated Care Board,0,1,2022/23,222874,32711452,115010492,146.7710545,516.0336872
E54000008,NHS Cheshire and Merseyside Integrated Care Board,0,1,2023/24,218922,30991427,117634226,141.5637853,537.3339637
E54000008,NHS Cheshire and Merseyside Integrated Care Board,1,0,2019/20,2971,401332,833904,135.083137,280.6812521
E54000008,NHS Cheshire and Merseyside Integrated Care Board,1,0,2020/21,3310,359367,783578,108.5700906,236.7305136
E54000008,NHS Cheshire and Merseyside Integrated Care Board,1,0,2021/22,3425,682913,1455927,199.3906569,425.0881752
E54000008,NHS Cheshire and Merseyside Integrated Care Board,1,0,2022/23,2753,658912,1550523,239.3432619,563.2121322
E54000008,NHS Cheshire and Merseyside Integrated Care Board,1,0,2023/24,3120,616041,2170488,197.4490385,695.6692308
E54000008,NHS Cheshire and Merseyside Integrated Care Board,1,1,2019/20,12568,1490963,3383973,118.6316836,269.2531031
E54000008,NHS Cheshire and Merseyside Integrated Care Board,1,1,2020/21,11494,1036732,2786042,90.19766835,242.3909866
E54000008,NHS Cheshire and Merseyside Integrated Care Board,1,1,2021/22,11980,2016718,4951148,168.3404007,413.2844741
E54000008,NHS Cheshire and Merseyside Integrated Care Board,1,1,2022/23,10098,1889615,5683518,187.127649,562.8360071
E54000008,NHS Cheshire and Merseyside Integrated Care Board,1,1,2023/24,11112,1917609,7723100,172.5710043,695.0233981
E54000010,NHS Staffordshire and Stoke-on-Trent Integrated Care Board,0,0,2019/20,191925,17470464,44776151,91.02755764,233.3002527
E54000010,NHS Staffordshire and Stoke-on-Trent Integrated Care Board,0,0,2020/21,143161,9283868,31495599,64.84914188,220.0012503
E54000010,NHS Staffordshire and Stoke-on-Trent Integrated Care Board,0,0,2021/22,193577,21207786,56542234,109.5573648,292.0916948
E54000010,NHS Staffordshire and Stoke-on-Trent Integrated Care Board,0,0,2022/23,192003,24614388,67504127,128.1979344,351.5785014
E54000010,NHS Staffordshire and Stoke-on-Trent Integrated Care Board,0,0,2023/24,200103,23304099,64227044,116.4605178,320.9699205
E54000010,NHS Staffordshire and Stoke-on-Trent Integrated Care Board,0,1,2019/20,101856,10185285,29864833,99.9969074,293.2064189
E54000010,NHS Staffordshire and Stoke-on-Trent Integrated Care Board,0,1,2020/21,81692,5697190,21712624,69.73987661,265.7864173
E54000010,NHS Staffordshire and Stoke-on-Trent Integrated Care Board,0,1,2021/22,96523,11611823,35292014,120.3010992,365.6332066
E54000010,NHS Staffordshire and Stoke-on-Trent Integrated Care Board,0,1,2022/23,91446,12633481,42019806,138.1523631,459.5040352
E54000010,NHS Staffordshire and Stoke-on-Trent Integrated Care Board,0,1,2023/24,92860,11747751,39746161,126.5103489,428.0224101
E54000010,NHS Staffordshire and Stoke-on-Trent Integrated Care Board,1,0,2019/20,942,117489,291813,124.7229299,309.7802548
E54000010,NHS Staffordshire and Stoke-on-Trent Integrated Care Board,1,0,2020/21,994,84689,266424,85.20020121,268.0321932
E54000010,NHS Staffordshire and Stoke-on-Trent Integrated Care Board,1,0,2021/22,1043,149112,418564,142.9645254,401.3077661
E54000010,NHS Staffordshire and Stoke-on-Trent Integrated Care Board,1,0,2022/23,995,172902,522198,173.7708543,524.8221106
E54000010,NHS Staffordshire and Stoke-on-Trent Integrated Care Board,1,0,2023/24,1241,193004,679889,155.5229654,547.8557615
E54000010,NHS Staffordshire and Stoke-on-Trent Integrated Care Board,1,1,2019/20,4291,547118,1486946,127.5036122,346.5266838
E54000010,NHS Staffordshire and Stoke-on-Trent Integrated Care Board,1,1,2020/21,3826,324835,1256844,84.90198641,328.5007841
E54000010,NHS Staffordshire and Stoke-on-Trent Integrated Care Board,1,1,2021/22,4272,604824,1976545,141.5786517,462.6743914
E54000010,NHS Staffordshire and Stoke-on-Trent Integrated Care Board,1,1,2022/23,4043,680787,2411034,168.3865941,596.3477616
E54000010,NHS Staffordshire and Stoke-on-Trent Integrated Care Board,1,1,2023/24,4266,651710,2576454,152.7684013,603.9507736
E54000011,NHS Shropshire Telford and Wrekin Integrated Care Board,0,0,2019/20,77754,8466571,19501493,108.8892018,250.8101577
E54000011,NHS Shropshire Telford and Wrekin Integrated Care Board,0,0,2020/21,62902,4832879,12682977,76.83188134,201.6307431
E54000011,NHS Shropshire Telford and Wrekin Integrated Care Board,0,0,2021/22,85296,8881078,24467393,104.1206856,286.8527598
E54000011,NHS Shropshire Telford and Wrekin Integrated Care Board,0,0,2022/23,85683,6442825,36601519,75.19373738,427.17364
E54000011,NHS Shropshire Telford and Wrekin Integrated Care Board,0,0,2023/24,87923,3295904,44810621,37.48625502,509.6575526
E54000011,NHS Shropshire Telford and Wrekin Integrated Care Board,0,1,2019/20,34708,4228762,10944671,121.8382505,315.3356863
E54000011,NHS Shropshire Telford and Wrekin Integrated Care Board,0,1,2020/21,29591,2501146,7295508,84.5238755,246.5448278
E54000011,NHS Shropshire Telford and Wrekin Integrated Care Board,0,1,2021/22,34401,3900330,12353226,113.3783902,359.0949682
E54000011,NHS Shropshire Telford and Wrekin Integrated Care Board,0,1,2022/23,33423,2646517,18902158,79.18250905,565.5434282
E54000011,NHS Shropshire Telford and Wrekin Integrated Care Board,0,1,2023/24,33246,1249918,22628493,37.59604163,680.6380617
E54000011,NHS Shropshire Telford and Wrekin Integrated Care Board,1,0,2019/20,499,81590,159745,163.507014,320.1302605
E54000011,NHS Shropshire Telford and Wrekin Integrated Care Board,1,0,2020/21,467,45963,110225,98.42184154,236.0278373
E54000011,NHS Shropshire Telford and Wrekin Integrated Care Board,1,0,2021/22,500,68516,247104,137.032,494.208
E54000011,NHS Shropshire Telford and Wrekin Integrated Care Board,1,0,2022/23,438,53209,282844,121.4817352,645.7625571
E54000011,NHS Shropshire Telford and Wrekin Integrated Care Board,1,0,2023/24,531,28986,434794,54.58757062,818.8210923
E54000011,NHS Shropshire Telford and Wrekin Integrated Care Board,1,1,2019/20,1778,253962,679904,142.8357705,382.3982002
E54000011,NHS Shropshire Telford and Wrekin Integrated Care Board,1,1,2020/21,1915,178250,583535,93.08093995,304.7180157
E54000011,NHS Shropshire Telford and Wrekin Integrated Care Board,1,1,2021/22,2078,275417,941227,132.539461,452.9485082
E54000011,NHS Shropshire Telford and Wrekin Integrated Care Board,1,1,2022/23,1814,182254,1194821,100.4707828,658.6664829
E54000011,NHS Shropshire Telford and Wrekin Integrated Care Board,1,1,2023/24,1890,95014,1478285,50.27195767,782.1613757
E54000013,NHS Lincolnshire Integrated Care Board,0,0,2019/20,123179,12281272,31355241,99.70264412,254.5502155
E54000013,NHS Lincolnshire Integrated Care Board,0,0,2020/21,90094,5580895,20873360,61.94524608,231.6842409
E54000013,NHS Lincolnshire Integrated Care Board,0,0,2021/22,116167,10414617,37015094,89.65211291,318.6369107
E54000013,NHS Lincolnshire Integrated Care Board,0,0,2022/23,126451,12812798,50293573,101.3261896,397.7317143
E54000013,NHS Lincolnshire Integrated Care Board,0,0,2023/24,127317,12909430,54540555,101.3959644,428.3839157
E54000013,NHS Lincolnshire Integrated Care Board,0,1,2019/20,60737,6751772,19078863,111.164068,314.1225777
E54000013,NHS Lincolnshire Integrated Care Board,0,1,2020/21,47378,3189951,13082304,67.32979442,276.1261345
E54000013,NHS Lincolnshire Integrated Care Board,0,1,2021/22,52312,5198071,20678100,99.36670362,395.2840648
E54000013,NHS Lincolnshire Integrated Care Board,0,1,2022/23,51086,5899058,25976081,115.4730846,508.4774889
E54000013,NHS Lincolnshire Integrated Care Board,0,1,2023/24,50517,5754397,27016667,113.9101095,534.8034721
E54000013,NHS Lincolnshire Integrated Care Board,1,0,2019/20,766,98081,235732,128.0430809,307.7441253
E54000013,NHS Lincolnshire Integrated Care Board,1,0,2020/21,781,52142,189504,66.7631242,242.6427657
E54000013,NHS Lincolnshire Integrated Care Board,1,0,2021/22,869,88695,327416,102.0655926,376.7733026
E54000013,NHS Lincolnshire Integrated Care Board,1,0,2022/23,909,117045,511946,128.7623762,563.1969197
E54000013,NHS Lincolnshire Integrated Care Board,1,0,2023/24,1015,120174,616726,118.3980296,607.6118227
E54000013,NHS Lincolnshire Integrated Care Board,1,1,2019/20,3491,428228,1050125,122.6662847,300.8092237
E54000013,NHS Lincolnshire Integrated Care Board,1,1,2020/21,2854,220207,781261,77.15732306,273.7424667
E54000013,NHS Lincolnshire Integrated Care Board,1,1,2021/22,3113,322591,1111318,103.6270479,356.9926116
E54000013,NHS Lincolnshire Integrated Care Board,1,1,2022/23,3022,366138,1446039,121.1575116,478.5039709
E54000013,NHS Lincolnshire Integrated Care Board,1,1,2023/24,2900,345640,1525526,119.1862069,526.0434483
E54000015,NHS Leicester Leicestershire and Rutland Integrated Care Board,0,0,2019/20,189245,16543471,41743787,87.41827261,220.58066
E54000015,NHS Leicester Leicestershire and Rutland Integrated Care Board,0,0,2020/21,127206,7289582,24957504,57.30533151,196.1975379
E54000015,NHS Leicester Leicestershire and Rutland Integrated Care Board,0,0,2021/22,200538,23850095,54479609,118.9305518,271.6672601
E54000015,NHS Leicester Leicestershire and Rutland Integrated Care Board,0,0,2022/23,200967,25772001,66790341,128.2399648,332.3448178
E54000015,NHS Leicester Leicestershire and Rutland Integrated Care Board,0,0,2023/24,201889,23777648,67706886,117.7758471,335.3668897
E54000015,NHS Leicester Leicestershire and Rutland Integrated Care Board,0,1,2019/20,76218,6971041,21492782,91.46187252,281.9908945
E54000015,NHS Leicester Leicestershire and Rutland Integrated Care Board,0,1,2020/21,58549,3883372,14322545,66.32687151,244.6249295
E54000015,NHS Leicester Leicestershire and Rutland Integrated Care Board,0,1,2021/22,74054,9916514,26031438,133.9092284,351.5196748
E54000015,NHS Leicester Leicestershire and Rutland Integrated Care Board,0,1,2022/23,69024,10406909,30609348,150.7723256,443.4594924
E54000015,NHS Leicester Leicestershire and Rutland Integrated Care Board,0,1,2023/24,67904,9030608,30065426,132.9908106,442.7636958
E54000015,NHS Leicester Leicestershire and Rutland Integrated Care Board,1,0,2019/20,1242,139187,412418,112.0668277,332.0595813
E54000015,NHS Leicester Leicestershire and Rutland Integrated Care Board,1,0,2020/21,933,74793,270991,80.16398714,290.4512326
E54000015,NHS Leicester Leicestershire and Rutland Integrated Care Board,1,0,2021/22,1160,220057,562927,189.7043103,485.2818966
E54000015,NHS Leicester Leicestershire and Rutland Integrated Care Board,1,0,2022/23,1111,236045,704167,212.4617462,633.8136814
E54000015,NHS Leicester Leicestershire and Rutland Integrated Care Board,1,0,2023/24,1206,229724,782344,190.4842454,648.7097844
E54000015,NHS Leicester Leicestershire and Rutland Integrated Care Board,1,1,2019/20,6227,527871,1948796,84.77131845,312.9590493
E54000015,NHS Leicester Leicestershire and Rutland Integrated Care Board,1,1,2020/21,4726,296678,1191893,62.77570884,252.1991113
E54000015,NHS Leicester Leicestershire and Rutland Integrated Care Board,1,1,2021/22,5066,706128,2076401,139.3857086,409.8699171
E54000015,NHS Leicester Leicestershire and Rutland Integrated Care Board,1,1,2022/23,4684,687976,2288723,146.8778822,488.6257472
E54000015,NHS Leicester Leicestershire and Rutland Integrated Care Board,1,1,2023/24,4639,692227,2347037,149.2190127,505.9359776
E54000018,NHS Coventry and Warwickshire Integrated Care Board,0,0,2019/20,193274,15542361,39933739,80.41620187,206.6172325
E54000018,NHS Coventry and Warwickshire Integrated Care Board,0,0,2020/21,121874,5248617,21127082,43.06592875,173.3518388
E54000018,NHS Coventry and Warwickshire Integrated Care Board,0,0,2021/22,188823,16837524,45318015,89.17093786,240.0026215
E54000018,NHS Coventry and Warwickshire Integrated Care Board,0,0,2022/23,198564,21341731,57300981,107.480364,288.576887
E54000018,NHS Coventry and Warwickshire Integrated Care Board,0,0,2023/24,205628,20238507,57842490,98.42291419,281.2967592
E54000018,NHS Coventry and Warwickshire Integrated Care Board,0,1,2019/20,80793,6913618,19533880,85.57199262,241.7768866
E54000018,NHS Coventry and Warwickshire Integrated Care Board,0,1,2020/21,55596,2455595,11391064,44.16855529,204.8899921
E54000018,NHS Coventry and Warwickshire Integrated Care Board,0,1,2021/22,73406,6546366,21275557,89.18025774,289.8340326
E54000018,NHS Coventry and Warwickshire Integrated Care Board,0,1,2022/23,72357,7872706,26026001,108.8036541,359.6887792
E54000018,NHS Coventry and Warwickshire Integrated Care Board,0,1,2023/24,72079,7618283,25690142,105.6935168,356.4164597
E54000018,NHS Coventry and Warwickshire Integrated Care Board,1,0,2019/20,1061,93935,297663,88.53440151,280.5494816
E54000018,NHS Coventry and Warwickshire Integrated Care Board,1,0,2020/21,862,42681,166735,49.51392111,193.4280742
E54000018,NHS Coventry and Warwickshire Integrated Care Board,1,0,2021/22,1015,113578,353438,111.8995074,348.2147783
E54000018,NHS Coventry and Warwickshire Integrated Care Board,1,0,2022/23,923,128333,393461,139.0390033,426.2849404
E54000018,NHS Coventry and Warwickshire Integrated Care Board,1,0,2023/24,938,125766,444328,134.0788913,473.6972281
E54000018,NHS Coventry and Warwickshire Integrated Care Board,1,1,2019/20,2925,275916,964195,94.33025641,329.6393162
E54000018,NHS Coventry and Warwickshire Integrated Care Board,1,1,2020/21,3380,180569,1036701,53.42278107,306.7162722
E54000018,NHS Coventry and Warwickshire Integrated Care Board,1,1,2021/22,4048,565842,1800197,139.7831028,444.7126976
E54000018,NHS Coventry and Warwickshire Integrated Care Board,1,1,2022/23,3743,622335,2052924,166.2663639,548.4702111
E54000018,NHS Coventry and Warwickshire Integrated Care Board,1,1,2023/24,3519,504655,2053090,143.4086388,583.4299517
E54000019,NHS Herefordshire and Worcestershire Integrated Care Board,0,0,2019/20,128553,12707134,35042532,98.84743258,272.5920982
E54000019,NHS Herefordshire and Worcestershire Integrated Care Board,0,0,2020/21,108309,5427982,22849434,50.11570599,210.9652383
E54000019,NHS Herefordshire and Worcestershire Integrated Care Board,0,0,2021/22,145389,17488710,42151004,120.2890865,289.9187972
E54000019,NHS Herefordshire and Worcestershire Integrated Care Board,0,0,2022/23,146900,19614999,57718984,133.5262015,392.9134377
E54000019,NHS Herefordshire and Worcestershire Integrated Care Board,0,0,2023/24,152815,19216641,60686032,125.7510127,397.1209109
E54000019,NHS Herefordshire and Worcestershire Integrated Care Board,0,1,2019/20,56418,6129648,17786350,108.6470275,315.2602006
E54000019,NHS Herefordshire and Worcestershire Integrated Care Board,0,1,2020/21,48351,2668450,11427085,55.18913776,236.3360634
E54000019,NHS Herefordshire and Worcestershire Integrated Care Board,0,1,2021/22,57407,7545341,19123441,131.435905,333.1203686
E54000019,NHS Herefordshire and Worcestershire Integrated Care Board,0,1,2022/23,55118,8352887,25757289,151.5455387,467.3117493
E54000019,NHS Herefordshire and Worcestershire Integrated Care Board,0,1,2023/24,55739,7934255,26608810,142.3465617,477.3822638
E54000019,NHS Herefordshire and Worcestershire Integrated Care Board,1,0,2019/20,266,30267,92535,113.7857143,347.8759398
E54000019,NHS Herefordshire and Worcestershire Integrated Care Board,1,0,2020/21,723,47160,175276,65.22821577,242.428769
E54000019,NHS Herefordshire and Worcestershire Integrated Care Board,1,0,2021/22,718,101318,287708,141.1114206,400.7075209
E54000019,NHS Herefordshire and Worcestershire Integrated Care Board,1,0,2022/23,652,104125,376525,159.7009202,577.4923313
E54000019,NHS Herefordshire and Worcestershire Integrated Care Board,1,0,2023/24,653,102140,375408,156.4165391,574.8973966
E54000019,NHS Herefordshire and Worcestershire Integrated Care Board,1,1,2019/20,1535,186835,565951,121.7166124,368.6977199
E54000019,NHS Herefordshire and Worcestershire Integrated Care Board,1,1,2020/21,3376,198790,918468,58.88329384,272.0580569
E54000019,NHS Herefordshire and Worcestershire Integrated Care Board,1,1,2021/22,3171,466179,1239549,147.013245,390.9016083
E54000019,NHS Herefordshire and Worcestershire Integrated Care Board,1,1,2022/23,2872,547846,1468828,190.7541783,511.4303621
E54000019,NHS Herefordshire and Worcestershire Integrated Care Board,1,1,2023/24,2871,498867,1541229,173.7607106,536.8265413
E54000022,NHS Norfolk and Waveney Integrated Care Board,0,0,2019/20,172412,17027649,38022473,98.76139132,220.5326369
E54000022,NHS Norfolk and Waveney Integrated Care Board,0,0,2020/21,143866,11234901,30048552,78.09281554,208.8648604
E54000022,NHS Norfolk and Waveney Integrated Care Board,0,0,2021/22,181567,21285381,49279459,117.2315509,271.4119802
E54000022,NHS Norfolk and Waveney Integrated Care Board,0,0,2022/23,181969,19284161,58970548,105.9749793,324.0691986
E54000022,NHS Norfolk and Waveney Integrated Care Board,0,0,2023/24,194736,15109629,54261203,77.59032228,278.6398149
E54000022,NHS Norfolk and Waveney Integrated Care Board,0,1,2019/20,81699,9042061,21182092,110.6752959,259.2699054
E54000022,NHS Norfolk and Waveney Integrated Care Board,0,1,2020/21,73260,6731387,18247036,91.88352443,249.0722905
E54000022,NHS Norfolk and Waveney Integrated Care Board,0,1,2021/22,81625,11223143,26933403,137.496392,329.965121
E54000022,NHS Norfolk and Waveney Integrated Care Board,0,1,2022/23,76499,9038357,31045693,118.150002,405.8313573
E54000022,NHS Norfolk and Waveney Integrated Care Board,0,1,2023/24,77819,6643784,27038114,85.37483134,347.4487465
E54000022,NHS Norfolk and Waveney Integrated Care Board,1,0,2019/20,1076,129295,286242,120.1626394,266.0241636
E54000022,NHS Norfolk and Waveney Integrated Care Board,1,0,2020/21,1051,91382,236302,86.94766889,224.8353949
E54000022,NHS Norfolk and Waveney Integrated Care Board,1,0,2021/22,1067,146798,345211,137.5801312,323.5342081
E54000022,NHS Norfolk and Waveney Integrated Care Board,1,0,2022/23,1130,151368,546878,133.9539823,483.9628319
E54000022,NHS Norfolk and Waveney Integrated Care Board,1,0,2023/24,1272,120576,531523,94.79245283,417.8639937
E54000022,NHS Norfolk and Waveney Integrated Care Board,1,1,2019/20,5041,662873,1629140,131.4963301,323.1779409
E54000022,NHS Norfolk and Waveney Integrated Care Board,1,1,2020/21,4579,516612,1432483,112.8220135,312.8375191
E54000022,NHS Norfolk and Waveney Integrated Care Board,1,1,2021/22,5022,790124,2269235,157.3325368,451.8588212
E54000022,NHS Norfolk and Waveney Integrated Care Board,1,1,2022/23,4589,588300,2837182,128.1978645,618.2571366
E54000022,NHS Norfolk and Waveney Integrated Care Board,1,1,2023/24,5270,487465,3029593,92.49810247,574.8753321
E54000023,NHS Suffolk and North East Essex Integrated Care Board,0,0,2019/20,123821,10252627,23629947,82.80200451,190.8395749
E54000023,NHS Suffolk and North East Essex Integrated Care Board,0,0,2020/21,89699,4442789,14906700,49.52997246,166.1857992
E54000023,NHS Suffolk and North East Essex Integrated Care Board,0,0,2021/22,169019,12854382,40360417,76.05288163,238.792189
E54000023,NHS Suffolk and North East Essex Integrated Care Board,0,0,2022/23,170262,15310438,54319281,89.92281308,319.0334954
E54000023,NHS Suffolk and North East Essex Integrated Care Board,0,0,2023/24,172372,14259496,53482937,82.72512937,310.2762456
E54000023,NHS Suffolk and North East Essex Integrated Care Board,0,1,2019/20,48347,4116010,10247331,85.134755,211.9538131
E54000023,NHS Suffolk and North East Essex Integrated Care Board,0,1,2020/21,38336,2059348,7262200,53.71838481,189.4355175
E54000023,NHS Suffolk and North East Essex Integrated Care Board,0,1,2021/22,67227,5273781,18373550,78.4473649,273.3061121
E54000023,NHS Suffolk and North East Essex Integrated Care Board,0,1,2022/23,64272,5999830,24258958,93.35060368,377.4420899
E54000023,NHS Suffolk and North East Essex Integrated Care Board,0,1,2023/24,64317,5530236,23946694,85.98404776,372.3229317
E54000023,NHS Suffolk and North East Essex Integrated Care Board,1,0,2019/20,340,36480,77345,107.2941176,227.4852941
E54000023,NHS Suffolk and North East Essex Integrated Care Board,1,0,2020/21,272,18185,56054,66.85661765,206.0808824
E54000023,NHS Suffolk and North East Essex Integrated Care Board,1,0,2021/22,723,59272,209108,81.98063624,289.2226833
E54000023,NHS Suffolk and North East Essex Integrated Care Board,1,0,2022/23,705,64112,323720,90.93900709,459.177305
E54000023,NHS Suffolk and North East Essex Integrated Care Board,1,0,2023/24,741,67973,377306,91.73144399,509.1848853
E54000023,NHS Suffolk and North East Essex Integrated Care Board,1,1,2019/20,1268,134596,333974,106.148265,263.3864353
E54000023,NHS Suffolk and North East Essex Integrated Care Board,1,1,2020/21,556,37694,130232,67.79496403,234.2302158
E54000023,NHS Suffolk and North East Essex Integrated Care Board,1,1,2021/22,2365,191999,906763,81.18350951,383.4093023
E54000023,NHS Suffolk and North East Essex Integrated Care Board,1,1,2022/23,2379,246252,1413984,103.5107188,594.3606557
E54000023,NHS Suffolk and North East Essex Integrated Care Board,1,1,2023/24,2385,304296,1813232,127.5874214,760.2649895
E54000024,NHS Bedfordshire Luton and Milton Keynes Integrated Care Board,0,0,2019/20,178605,33061617,34218314,185.1102545,191.5865401
E54000024,NHS Bedfordshire Luton and Milton Keynes Integrated Care Board,0,0,2020/21,141380,16914430,28416313,119.6380676,200.992453
E54000024,NHS Bedfordshire Luton and Milton Keynes Integrated Care Board,0,0,2021/22,188943,41374655,56091913,218.97956,296.8721413
E54000024,NHS Bedfordshire Luton and Milton Keynes Integrated Care Board,0,0,2022/23,202972,91255680,56468070,449.5973829,278.2062058
E54000024,NHS Bedfordshire Luton and Milton Keynes Integrated Care Board,0,0,2023/24,202964,202281373,54898238,996.636709,270.4826373
E54000024,NHS Bedfordshire Luton and Milton Keynes Integrated Care Board,0,1,2019/20,77382,15267016,16853751,197.2941511,217.7993719
E54000024,NHS Bedfordshire Luton and Milton Keynes Integrated Care Board,0,1,2020/21,64563,7716204,14199023,119.5143348,219.9250809
E54000024,NHS Bedfordshire Luton and Milton Keynes Integrated Care Board,0,1,2021/22,73491,17995679,25193207,244.869154,342.8066974
E54000024,NHS Bedfordshire Luton and Milton Keynes Integrated Care Board,0,1,2022/23,73855,36425074,25504024,493.1971295,345.3256245
E54000024,NHS Bedfordshire Luton and Milton Keynes Integrated Care Board,0,1,2023/24,71325,72524518,23712138,1016.817638,332.4519874
E54000024,NHS Bedfordshire Luton and Milton Keynes Integrated Care Board,1,0,2019/20,584,54525,176623,93.36472603,302.4366438
E54000024,NHS Bedfordshire Luton and Milton Keynes Integrated Care Board,1,0,2020/21,811,49609,168931,61.1701603,208.2996301
E54000024,NHS Bedfordshire Luton and Milton Keynes Integrated Care Board,1,0,2021/22,718,105684,258934,147.1922006,360.632312
E54000024,NHS Bedfordshire Luton and Milton Keynes Integrated Care Board,1,0,2022/23,656,301292,258489,459.2865854,394.0381098
E54000024,NHS Bedfordshire Luton and Milton Keynes Integrated Care Board,1,0,2023/24,731,1011905,276185,1384.274966,377.8180575
E54000024,NHS Bedfordshire Luton and Milton Keynes Integrated Care Board,1,1,2019/20,3036,988478,756301,325.585639,249.1110013
E54000024,NHS Bedfordshire Luton and Milton Keynes Integrated Care Board,1,1,2020/21,3174,407509,783151,128.389729,246.7394455
E54000024,NHS Bedfordshire Luton and Milton Keynes Integrated Care Board,1,1,2021/22,3070,1761740,1740876,573.8566775,567.0605863
E54000024,NHS Bedfordshire Luton and Milton Keynes Integrated Care Board,1,1,2022/23,3527,7789503,1370770,2208.535016,388.6504111
E54000024,NHS Bedfordshire Luton and Milton Keynes Integrated Care Board,1,1,2023/24,3702,21134000,1410909,5708.806051,381.1207455
E54000025,NHS Hertfordshire and West Essex Integrated Care Board,0,0,2019/20,271358,21934855,60970352,80.83364043,224.686031
E54000025,NHS Hertfordshire and West Essex Integrated Care Board,0,0,2020/21,198678,11171740,45147922,56.23038283,227.2416775
E54000025,NHS Hertfordshire and West Essex Integrated Care Board,0,0,2021/22,282284,26790023,82898244,94.90450397,293.6696518
E54000025,NHS Hertfordshire and West Essex Integrated Care Board,0,0,2022/23,290562,43717997,106560268,150.4601324,366.7384861
E54000025,NHS Hertfordshire and West Essex Integrated Care Board,0,0,2023/24,279723,51829778,97415517,185.2896544,348.2570865
E54000025,NHS Hertfordshire and West Essex Integrated Care Board,0,1,2019/20,105260,8963300,29396115,85.15390462,279.2714706
E54000025,NHS Hertfordshire and West Essex Integrated Care Board,0,1,2020/21,83646,4971567,23456926,59.43580088,280.4309351
E54000025,NHS Hertfordshire and West Essex Integrated Care Board,0,1,2021/22,100986,10133246,37714768,100.3430773,373.465312
E54000025,NHS Hertfordshire and West Essex Integrated Care Board,0,1,2022/23,95830,16117501,46158383,168.1884692,481.6694459
E54000025,NHS Hertfordshire and West Essex Integrated Care Board,0,1,2023/24,92204,20896707,42048002,226.6355798,456.0322979
E54000025,NHS Hertfordshire and West Essex Integrated Care Board,1,0,2019/20,1135,98155,291676,86.48017621,256.9832599
E54000025,NHS Hertfordshire and West Essex Integrated Care Board,1,0,2020/21,1378,88312,326061,64.08708273,236.6190131
E54000025,NHS Hertfordshire and West Essex Integrated Care Board,1,0,2021/22,1458,171235,499857,117.4451303,342.8374486
E54000025,NHS Hertfordshire and West Essex Integrated Care Board,1,0,2022/23,1345,220329,648855,163.8133829,482.4200743
E54000025,NHS Hertfordshire and West Essex Integrated Care Board,1,0,2023/24,1179,274867,601387,233.1357082,510.0822731
E54000025,NHS Hertfordshire and West Essex Integrated Care Board,1,1,2019/20,3683,358129,1388807,97.23839261,377.0857996
E54000025,NHS Hertfordshire and West Essex Integrated Care Board,1,1,2020/21,3553,238880,1260745,67.23332395,354.8395722
E54000025,NHS Hertfordshire and West Essex Integrated Care Board,1,1,2021/22,3764,465602,2042619,123.6987248,542.672423
E54000025,NHS Hertfordshire and West Essex Integrated Care Board,1,1,2022/23,4068,1010078,2949072,248.2984267,724.9439528
E54000025,NHS Hertfordshire and West Essex Integrated Care Board,1,1,2023/24,4028,2229628,2793622,553.5322741,693.5506455
E54000026,NHS Mid and South Essex Integrated Care Board,0,0,2019/20,148727,12761876,30536433,85.80739207,205.3186913
E54000026,NHS Mid and South Essex Integrated Care Board,0,0,2020/21,123689,7582608,21560377,61.30381845,174.3111918
E54000026,NHS Mid and South Essex Integrated Care Board,0,0,2021/22,256407,22206110,60868843,86.60492888,237.3915026
E54000026,NHS Mid and South Essex Integrated Care Board,0,0,2022/23,264420,28886650,82089480,109.2453294,310.4511005
E54000026,NHS Mid and South Essex Integrated Care Board,0,0,2023/24,277242,26490957,79396963,95.55174541,286.3814393
E54000026,NHS Mid and South Essex Integrated Care Board,0,1,2019/20,62943,5486048,16060645,87.15898511,255.1617336
E54000026,NHS Mid and South Essex Integrated Care Board,0,1,2020/21,53826,3416371,11651088,63.47064616,216.4583658
E54000026,NHS Mid and South Essex Integrated Care Board,0,1,2021/22,118226,10498956,34144340,88.80412092,288.8056773
E54000026,NHS Mid and South Essex Integrated Care Board,0,1,2022/23,113601,13713786,45293279,120.7188845,398.7049322
E54000026,NHS Mid and South Essex Integrated Care Board,0,1,2023/24,112505,11490409,40295784,102.1324297,358.1688281
E54000026,NHS Mid and South Essex Integrated Care Board,1,0,2019/20,769,82715,178575,107.5617685,232.2171651
E54000026,NHS Mid and South Essex Integrated Care Board,1,0,2020/21,817,60600,159604,74.17380661,195.3537332
E54000026,NHS Mid and South Essex Integrated Care Board,1,0,2021/22,1363,137376,387423,100.7894351,284.2428467
E54000026,NHS Mid and South Essex Integrated Care Board,1,0,2022/23,1648,202465,584334,122.8549757,354.5716019
E54000026,NHS Mid and South Essex Integrated Care Board,1,0,2023/24,1518,170715,597188,112.4604743,393.4044796
E54000026,NHS Mid and South Essex Integrated Care Board,1,1,2019/20,3703,318961,953186,86.13583581,257.4091277
E54000026,NHS Mid and South Essex Integrated Care Board,1,1,2020/21,3251,209416,714838,64.41587204,219.8824977
E54000026,NHS Mid and South Essex Integrated Care Board,1,1,2021/22,5426,534404,2207429,98.48949502,406.8243642
E54000026,NHS Mid and South Essex Integrated Care Board,1,1,2022/23,5132,744407,3525000,145.0520265,686.8667186
E54000026,NHS Mid and South Essex Integrated Care Board,1,1,2023/24,4523,689905,2324187,152.5326111,513.8596065
E54000027,NHS North West London Integrated Care Board,0,0,2019/20,360993,34129062,98282156,94.54217118,272.2550188
E54000027,NHS North West London Integrated Care Board,0,0,2020/21,262525,16295309,70398606,62.07145605,268.1596267
E54000027,NHS North West London Integrated Care Board,0,0,2021/22,343877,37286925,101556910,108.4309942,295.3291729
E54000027,NHS North West London Integrated Care Board,0,0,2022/23,377735,44120398,124332607,116.802515,329.1529961
E54000027,NHS North West London Integrated Care Board,0,0,2023/24,399673,38275995,125596956,95.76827807,314.2492888
E54000027,NHS North West London Integrated Care Board,0,1,2019/20,145677,14372866,50598649,98.66256169,347.3345072
E54000027,NHS North West London Integrated Care Board,0,1,2020/21,120286,8218509,41496111,68.32473438,344.9787257
E54000027,NHS North West London Integrated Care Board,0,1,2021/22,137294,15613005,50542260,113.7194998,368.1316008
E54000027,NHS North West London Integrated Care Board,0,1,2022/23,138961,16406010,60315508,118.0619742,434.0463008
E54000027,NHS North West London Integrated Care Board,0,1,2023/24,139931,14671471,58312539,104.8478965,416.7235209
E54000027,NHS North West London Integrated Care Board,1,0,2019/20,1505,158845,546954,105.5448505,363.4245847
E54000027,NHS North West London Integrated Care Board,1,0,2020/21,1502,107831,514559,71.79161119,342.5825566
E54000027,NHS North West London Integrated Care Board,1,0,2021/22,1599,187579,575892,117.3101939,360.1575985
E54000027,NHS North West London Integrated Care Board,1,0,2022/23,1645,232551,769384,141.3683891,467.7106383
E54000027,NHS North West London Integrated Care Board,1,0,2023/24,1442,185279,760671,128.4875173,527.5110957
E54000027,NHS North West London Integrated Care Board,1,1,2019/20,6466,708082,3080904,109.508506,476.477575
E54000027,NHS North West London Integrated Care Board,1,1,2020/21,6867,581879,2751610,84.73554682,400.7004514
E54000027,NHS North West London Integrated Care Board,1,1,2021/22,8428,1264830,4129407,150.0747508,489.9628619
E54000027,NHS North West London Integrated Care Board,1,1,2022/23,9045,1456923,6070277,161.0749585,671.1196241
E54000027,NHS North West London Integrated Care Board,1,1,2023/24,8345,1088279,6043822,130.4109047,724.2446974
E54000028,NHS North Central London Integrated Care Board,0,0,2019/20,292354,27233449,66113878,93.15230508,226.1432305
E54000028,NHS North Central London Integrated Care Board,0,0,2020/21,216776,13155587,44061776,60.68747002,203.2594752
E54000028,NHS North Central London Integrated Care Board,0,0,2021/22,310482,33514532,81446935,107.9435587,262.3241766
E54000028,NHS North Central London Integrated Care Board,0,0,2022/23,330722,38564615,107919411,116.607347,326.3145814
E54000028,NHS North Central London Integrated Care Board,0,0,2023/24,294521,31595139,143396025,107.2763538,486.8787794
E54000028,NHS North Central London Integrated Care Board,0,1,2019/20,107387,10151750,30343150,94.53425461,282.5588758
E54000028,NHS North Central London Integrated Care Board,0,1,2020/21,85984,5596015,22170012,65.08205015,257.8388072
E54000028,NHS North Central London Integrated Care Board,0,1,2021/22,103783,11674118,35271433,112.4858406,339.85752
E54000028,NHS North Central London Integrated Care Board,0,1,2022/23,105455,12691435,46468867,120.3492959,440.6511498
E54000028,NHS North Central London Integrated Care Board,0,1,2023/24,100249,10995859,47935177,109.6854732,478.1611487
E54000028,NHS North Central London Integrated Care Board,1,0,2019/20,1352,162672,327604,120.3195266,242.3106509
E54000028,NHS North Central London Integrated Care Board,1,0,2020/21,1554,109143,310340,70.23359073,199.7039897
E54000028,NHS North Central London Integrated Care Board,1,0,2021/22,1588,215099,488805,135.4527708,307.8117128
E54000028,NHS North Central London Integrated Care Board,1,0,2022/23,1252,161539,544874,129.0247604,435.2028754
E54000028,NHS North Central London Integrated Care Board,1,0,2023/24,1235,153394,597987,124.205668,484.2
E54000028,NHS North Central London Integrated Care Board,1,1,2019/20,3480,419778,1420243,120.6258621,408.1158046
E54000028,NHS North Central London Integrated Care Board,1,1,2020/21,4278,358331,1469605,83.76133707,343.5261805
E54000028,NHS North Central London Integrated Care Board,1,1,2021/22,4490,664549,2064354,148.0064588,459.7670379
E54000028,NHS North Central London Integrated Care Board,1,1,2022/23,3466,521439,2297278,150.4440277,662.8038084
E54000028,NHS North Central London Integrated Care Board,1,1,2023/24,4240,708931,3235595,167.2007075,763.1120283
E54000029,NHS North East London Integrated Care Board,0,0,2019/20,408896,27216854,116471144,66.56180056,284.8429527
E54000029,NHS North East London Integrated Care Board,0,0,2020/21,273697,13762040,73421740,50.28202721,268.2592063
E54000029,NHS North East London Integrated Care Board,0,0,2021/22,385826,40379246,127013069,104.6566224,329.1977964
E54000029,NHS North East London Integrated Care Board,0,0,2022/23,396381,47267563,155975472,119.247802,393.4988609
E54000029,NHS North East London Integrated Care Board,0,0,2023/24,399075,39207711,147137852,98.24647247,368.6972424
E54000029,NHS North East London Integrated Care Board,0,1,2019/20,153412,11460555,55891506,74.70442338,364.3229082
E54000029,NHS North East London Integrated Care Board,0,1,2020/21,116216,6452800,39067534,55.52419632,336.1631273
E54000029,NHS North East London Integrated Care Board,0,1,2021/22,140074,14830480,56861464,105.876037,405.9387467
E54000029,NHS North East London Integrated Care Board,0,1,2022/23,135141,16903808,69119210,125.0827506,511.4599566
E54000029,NHS North East London Integrated Care Board,0,1,2023/24,132432,14796597,68911167,111.7297708,520.3513275
E54000029,NHS North East London Integrated Care Board,1,0,2019/20,1350,121581,423808,90.06,313.9318519
E54000029,NHS North East London Integrated Care Board,1,0,2020/21,1234,84237,339583,68.26337115,275.1888169
E54000029,NHS North East London Integrated Care Board,1,0,2021/22,1214,175671,471249,144.7042834,388.1787479
E54000029,NHS North East London Integrated Care Board,1,0,2022/23,1153,190913,620765,165.5793582,538.3911535
E54000029,NHS North East London Integrated Care Board,1,0,2023/24,934,138237,654538,148.0053533,700.7901499
E54000029,NHS North East London Integrated Care Board,1,1,2019/20,6372,494648,2881762,77.62837414,452.2539234
E54000029,NHS North East London Integrated Care Board,1,1,2020/21,5739,418884,2529057,72.98902248,440.6790382
E54000029,NHS North East London Integrated Care Board,1,1,2021/22,5856,758519,3619683,129.5285178,618.1152664
E54000029,NHS North East London Integrated Care Board,1,1,2022/23,6114,1015705,5288580,166.1277396,864.9950932
E54000029,NHS North East London Integrated Care Board,1,1,2023/24,6218,1081933,7028181,174.0001608,1130.296076
E54000030,NHS South East London Integrated Care Board,0,0,2019/20,379372,22189904,92138223,58.49114853,242.8703832
E54000030,NHS South East London Integrated Care Board,0,0,2020/21,270619,11212286,54895164,41.43199849,202.850369
E54000030,NHS South East London Integrated Care Board,0,0,2021/22,368873,34673680,91956669,93.99896441,249.2908643
E54000030,NHS South East London Integrated Care Board,0,0,2022/23,369183,26872992,122786773,72.79043726,332.5905391
E54000030,NHS South East London Integrated Care Board,0,0,2023/24,276739,15458837,92689836,55.86070991,334.935936
E54000030,NHS South East London Integrated Care Board,0,1,2019/20,146363,9266456,46474699,63.31146533,317.5303799
E54000030,NHS South East London Integrated Care Board,0,1,2020/21,118829,5217375,30401705,43.90658004,255.8441542
E54000030,NHS South East London Integrated Care Board,0,1,2021/22,137217,11939189,43989089,87.00954692,320.5804601
E54000030,NHS South East London Integrated Care Board,0,1,2022/23,130605,9807356,59867632,75.09173462,458.3869837
E54000030,NHS South East London Integrated Care Board,0,1,2023/24,97789,5599752,44944319,57.26361861,459.6050578
E54000030,NHS South East London Integrated Care Board,1,0,2019/20,2346,179711,707085,76.60315431,301.4002558
E54000030,NHS South East London Integrated Care Board,1,0,2020/21,2164,99567,509937,46.01062847,235.6455638
E54000030,NHS South East London Integrated Care Board,1,0,2021/22,2345,303176,739074,129.2861407,315.1701493
E54000030,NHS South East London Integrated Care Board,1,0,2022/23,1802,155355,894089,86.21254162,496.1648169
E54000030,NHS South East London Integrated Care Board,1,0,2023/24,1105,156882,564959,141.9746606,511.2751131
E54000030,NHS South East London Integrated Care Board,1,1,2019/20,7194,445410,3425042,61.91409508,476.0970253
E54000030,NHS South East London Integrated Care Board,1,1,2020/21,7496,336221,3161145,44.85338847,421.7109125
E54000030,NHS South East London Integrated Care Board,1,1,2021/22,7775,1204674,4115714,154.9419936,529.352283
E54000030,NHS South East London Integrated Care Board,1,1,2022/23,8465,880022,6470107,103.9600709,764.336326
E54000030,NHS South East London Integrated Care Board,1,1,2023/24,6719,540598,5975751,80.45810388,889.3810091
E54000031,NHS South West London Integrated Care Board,0,0,2019/20,309041,14748402,79770786,47.72312412,258.1236341
E54000031,NHS South West London Integrated Care Board,0,0,2020/21,248185,7503707,54709175,30.23432923,220.4370732
E54000031,NHS South West London Integrated Care Board,0,0,2021/22,309302,15506590,85880338,50.13414074,277.6585279
E54000031,NHS South West London Integrated Care Board,0,0,2022/23,359368,22112910,140693658,61.5327742,391.503022
E54000031,NHS South West London Integrated Care Board,0,0,2023/24,364376,15055049,173815415,41.31734527,477.0221282
E54000031,NHS South West London Integrated Care Board,0,1,2019/20,112721,5129981,37344942,45.5104284,331.3042113
E54000031,NHS South West London Integrated Care Board,0,1,2020/21,95385,2873525,27021451,30.12554385,283.2882634
E54000031,NHS South West London Integrated Care Board,0,1,2021/22,102031,5028907,37486751,49.28803011,367.4055042
E54000031,NHS South West London Integrated Care Board,0,1,2022/23,108808,7088614,61480159,65.14791192,565.0334442
E54000031,NHS South West London Integrated Care Board,0,1,2023/24,107207,4614283,56663289,43.0408742,528.5409442
E54000031,NHS South West London Integrated Care Board,1,0,2019/20,1183,50054,318734,42.31107354,269.4285714
E54000031,NHS South West London Integrated Care Board,1,0,2020/21,1145,28785,258972,25.13973799,226.1764192
E54000031,NHS South West London Integrated Care Board,1,0,2021/22,999,55333,366477,55.38838839,366.8438438
E54000031,NHS South West London Integrated Care Board,1,0,2022/23,1108,69055,703659,62.32400722,635.0712996
E54000031,NHS South West London Integrated Care Board,1,0,2023/24,974,52111,487745,53.50205339,500.7648871
E54000031,NHS South West London Integrated Care Board,1,1,2019/20,3367,142492,1373132,42.32016632,407.8206118
E54000031,NHS South West London Integrated Care Board,1,1,2020/21,3308,93854,1329871,28.37182588,402.0166264
E54000031,NHS South West London Integrated Care Board,1,1,2021/22,3415,301832,1981922,88.38418741,580.3578331
E54000031,NHS South West London Integrated Care Board,1,1,2022/23,4144,376491,4209743,90.85207529,1015.864624
E54000031,NHS South West London Integrated Care Board,1,1,2023/24,3614,208679,3829379,57.7418373,1059.595739
E54000032,NHS Kent and Medway Integrated Care Board,0,0,2019/20,370203,28491007,56041021,76.96049735,151.3791649
E54000032,NHS Kent and Medway Integrated Care Board,0,0,2020/21,274324,53681703,47749466,195.6872275,174.0622986
E54000032,NHS Kent and Medway Integrated Care Board,0,0,2021/22,349742,88068147,91723735,251.8088963,262.2611382
E54000032,NHS Kent and Medway Integrated Care Board,0,0,2022/23,373393,68117999,124128336,182.4297697,332.4334843
E54000032,NHS Kent and Medway Integrated Care Board,0,0,2023/24,377280,37224042,121739169,98.66423346,322.6759144
E54000032,NHS Kent and Medway Integrated Care Board,0,1,2019/20,179307,13784609,30229522,76.87713809,168.5908637
E54000032,NHS Kent and Medway Integrated Care Board,0,1,2020/21,137524,28282126,28602002,205.6522934,207.9782583
E54000032,NHS Kent and Medway Integrated Care Board,0,1,2021/22,156819,39122381,53083073,249.4747511,338.4989893
E54000032,NHS Kent and Medway Integrated Care Board,0,1,2022/23,158136,32614591,69982622,206.2439356,442.5470608
E54000032,NHS Kent and Medway Integrated Care Board,0,1,2023/24,152625,17521894,67351708,114.8035643,441.2888321
E54000032,NHS Kent and Medway Integrated Care Board,1,0,2019/20,1139,83250,223530,73.0904302,196.2510975
E54000032,NHS Kent and Medway Integrated Care Board,1,0,2020/21,1278,196019,224421,153.3794992,175.6032864
E54000032,NHS Kent and Medway Integrated Care Board,1,0,2021/22,1023,586748,384479,573.5562072,375.8347996
E54000032,NHS Kent and Medway Integrated Care Board,1,0,2022/23,809,377912,387610,467.1347342,479.1223733
E54000032,NHS Kent and Medway Integrated Care Board,1,0,2023/24,544,75747,266826,139.2408088,490.4889706
E54000032,NHS Kent and Medway Integrated Care Board,1,1,2019/20,6223,822285,1845827,132.1364294,296.6136911
E54000032,NHS Kent and Medway Integrated Care Board,1,1,2020/21,7568,2127008,2260580,281.0528541,298.7024313
E54000032,NHS Kent and Medway Integrated Care Board,1,1,2021/22,6724,2221223,3925108,330.3425045,583.7459845
E54000032,NHS Kent and Medway Integrated Care Board,1,1,2022/23,4064,1753800,2732365,431.5452756,672.3339075
E54000032,NHS Kent and Medway Integrated Care Board,1,1,2023/24,2629,1258161,2156862,478.5701788,820.4115633
E54000034,NHS Frimley Integrated Care Board,0,0,2019/20,141670,18558564,34731513,130.9985459,245.1578528
E54000034,NHS Frimley Integrated Care Board,0,0,2020/21,118119,8907527,26107394,75.4114664,221.0262024
E54000034,NHS Frimley Integrated Care Board,0,0,2021/22,164412,25387661,44983468,154.4148906,273.6020972
E54000034,NHS Frimley Integrated Care Board,0,0,2022/23,158175,23994069,54337837,151.6931816,343.5298688
E54000034,NHS Frimley Integrated Care Board,0,0,2023/24,174681,20419894,88176643,116.8981973,504.7866854
E54000034,NHS Frimley Integrated Care Board,0,1,2019/20,50147,6799666,14968767,135.5946717,298.4977566
E54000034,NHS Frimley Integrated Care Board,0,1,2020/21,45032,3496810,11850261,77.65166992,263.152003
E54000034,NHS Frimley Integrated Care Board,0,1,2021/22,53930,8670256,17396784,160.7687002,322.580827
E54000034,NHS Frimley Integrated Care Board,0,1,2022/23,49636,8300485,21629044,167.2271134,435.753163
E54000034,NHS Frimley Integrated Care Board,0,1,2023/24,51830,6776977,18805991,130.7539456,362.8398804
E54000034,NHS Frimley Integrated Care Board,1,0,2019/20,651,92839,189251,142.609831,290.7081413
E54000034,NHS Frimley Integrated Care Board,1,0,2020/21,744,57290,190209,77.00268817,255.6572581
E54000034,NHS Frimley Integrated Care Board,1,0,2021/22,628,101297,217654,161.3009554,346.5828025
E54000034,NHS Frimley Integrated Care Board,1,0,2022/23,562,112298,295609,199.8185053,525.9946619
E54000034,NHS Frimley Integrated Care Board,1,0,2023/24,535,70793,254035,132.3233645,474.8317757
E54000034,NHS Frimley Integrated Care Board,1,1,2019/20,2641,387117,901013,146.5797047,341.1635744
E54000034,NHS Frimley Integrated Care Board,1,1,2020/21,3010,234167,962203,77.79634551,319.6687708
E54000034,NHS Frimley Integrated Care Board,1,1,2021/22,2617,447414,985201,170.9644631,376.4619794
E54000034,NHS Frimley Integrated Care Board,1,1,2022/23,1925,335471,1122497,174.2706494,583.1153247
E54000034,NHS Frimley Integrated Care Board,1,1,2023/24,1679,223589,945660,133.1679571,563.228112
E54000036,NHS Cornwall and the Isles of Scilly Integrated Care Board,0,0,2019/20,61576,7182129,16610994,116.6384468,269.7640964
E54000036,NHS Cornwall and the Isles of Scilly Integrated Care Board,0,0,2020/21,45823,4332429,11712010,94.5470397,255.5923881
E54000036,NHS Cornwall and the Isles of Scilly Integrated Care Board,0,0,2021/22,56095,8109552,22678508,144.568179,404.2875123
E54000036,NHS Cornwall and the Isles of Scilly Integrated Care Board,0,0,2022/23,49954,8209114,25351436,164.3334668,507.495616
E54000036,NHS Cornwall and the Isles of Scilly Integrated Care Board,0,0,2023/24,33232,5044158,14517255,151.78617,436.8456608
E54000036,NHS Cornwall and the Isles of Scilly Integrated Care Board,0,1,2019/20,28615,3564798,8496846,124.5779486,296.9367814
E54000036,NHS Cornwall and the Isles of Scilly Integrated Care Board,0,1,2020/21,23508,2347041,6747851,99.84009699,287.0448783
E54000036,NHS Cornwall and the Isles of Scilly Integrated Care Board,0,1,2021/22,25224,3869942,11531610,153.4230098,457.1681732
E54000036,NHS Cornwall and the Isles of Scilly Integrated Care Board,0,1,2022/23,20355,3545405,12057788,174.1785802,592.3747482
E54000036,NHS Cornwall and the Isles of Scilly Integrated Care Board,0,1,2023/24,12405,1998047,6359930,161.0678759,512.6908505
E54000036,NHS Cornwall and the Isles of Scilly Integrated Care Board,1,0,2019/20,471,65857,160558,139.8237792,340.8874735
E54000036,NHS Cornwall and the Isles of Scilly Integrated Care Board,1,0,2020/21,416,49879,133467,119.9014423,320.8341346
E54000036,NHS Cornwall and the Isles of Scilly Integrated Care Board,1,0,2021/22,417,76390,206541,183.1894484,495.3021583
E54000036,NHS Cornwall and the Isles of Scilly Integrated Care Board,1,0,2022/23,362,69321,297098,191.4944751,820.7127072
E54000036,NHS Cornwall and the Isles of Scilly Integrated Care Board,1,0,2023/24,233,47550,149885,204.0772532,643.2832618
E54000036,NHS Cornwall and the Isles of Scilly Integrated Care Board,1,1,2019/20,2240,307360,773013,137.2142857,345.0950893
E54000036,NHS Cornwall and the Isles of Scilly Integrated Care Board,1,1,2020/21,1719,182239,574701,106.0145433,334.3228621
E54000036,NHS Cornwall and the Isles of Scilly Integrated Care Board,1,1,2021/22,1886,299442,955146,158.7709438,506.4400848
E54000036,NHS Cornwall and the Isles of Scilly Integrated Care Board,1,1,2022/23,1636,303896,1084335,185.7555012,662.7964548
E54000036,NHS Cornwall and the Isles of Scilly Integrated Care Board,1,1,2023/24,976,166790,607392,170.8913934,622.3278689
E54000037,NHS Devon Integrated Care Board,0,0,2019/20,127295,14764955,29961317,115.9900625,235.3691583
E54000037,NHS Devon Integrated Care Board,0,0,2020/21,128191,9353988,26137566,72.9691476,203.8954841
E54000037,NHS Devon Integrated Care Board,0,0,2021/22,189480,25008341,55644816,131.9840669,293.6711843
E54000037,NHS Devon Integrated Care Board,0,0,2022/23,190172,29222456,74239301,153.6632943,390.3797667
E54000037,NHS Devon Integrated Care Board,0,0,2023/24,209832,27473705,69371970,130.9319122,330.6072
E54000037,NHS Devon Integrated Care Board,0,1,2019/20,58380,7445457,15664222,127.5343782,268.3148681
E54000037,NHS Devon Integrated Care Board,0,1,2020/21,61949,5316782,14676795,85.82514649,236.9173837
E54000037,NHS Devon Integrated Care Board,0,1,2021/22,79688,11814803,28085616,148.2632642,352.4447345
E54000037,NHS Devon Integrated Care Board,0,1,2022/23,73038,12261630,35186577,167.8801446,481.7571264
E54000037,NHS Devon Integrated Care Board,0,1,2023/24,80150,11907050,32417964,148.5595758,404.4661759
E54000037,NHS Devon Integrated Care Board,1,0,2019/20,685,103261,219457,150.7459854,320.3751825
E54000037,NHS Devon Integrated Care Board,1,0,2020/21,570,56340,161161,98.84210526,282.7385965
E54000037,NHS Devon Integrated Care Board,1,0,2021/22,1063,207233,476354,194.9510818,448.1222954
E54000037,NHS Devon Integrated Care Board,1,0,2022/23,1180,267196,774989,226.4372881,656.770339
E54000037,NHS Devon Integrated Care Board,1,0,2023/24,1396,271584,716163,194.5444126,513.010745
E54000037,NHS Devon Integrated Care Board,1,1,2019/20,3741,643350,1104490,171.9727346,295.2392408
E54000037,NHS Devon Integrated Care Board,1,1,2020/21,3039,282312,849849,92.89634748,279.6475814
E54000037,NHS Devon Integrated Care Board,1,1,2021/22,4445,876129,1946929,197.104387,438.0042745
E54000037,NHS Devon Integrated Care Board,1,1,2022/23,4495,1017408,2768966,226.342158,616.0102336
E54000037,NHS Devon Integrated Care Board,1,1,2023/24,5166,983005,2935127,190.283585,568.1624081
E54000038,NHS Somerset Integrated Care Board,0,0,2019/20,94028,7224848,18691377,76.83719743,198.7852236
E54000038,NHS Somerset Integrated Care Board,0,0,2020/21,72665,3311347,16830233,45.5700406,231.6140233
E54000038,NHS Somerset Integrated Care Board,0,0,2021/22,98815,8385396,24537585,84.85954562,248.3184233
E54000038,NHS Somerset Integrated Care Board,0,0,2022/23,106320,11455863,35934563,107.7488995,337.9849793
E54000038,NHS Somerset Integrated Care Board,0,0,2023/24,111836,11702044,30303300,104.6357524,270.9619443
E54000038,NHS Somerset Integrated Care Board,0,1,2019/20,43089,3466471,9556785,80.44909374,221.7917566
E54000038,NHS Somerset Integrated Care Board,0,1,2020/21,36246,1787305,11189966,49.31040667,308.7227832
E54000038,NHS Somerset Integrated Care Board,0,1,2021/22,43127,3923930,12201425,90.98546154,282.9184733
E54000038,NHS Somerset Integrated Care Board,0,1,2022/23,42942,5032530,16880045,117.1936566,393.0893997
E54000038,NHS Somerset Integrated Care Board,0,1,2023/24,43106,4831552,13034894,112.0853709,302.3916392
E54000038,NHS Somerset Integrated Care Board,1,0,2019/20,373,35746,80345,95.83378016,215.4021448
E54000038,NHS Somerset Integrated Care Board,1,0,2020/21,469,27063,104822,57.70362473,223.5010661
E54000038,NHS Somerset Integrated Care Board,1,0,2021/22,547,56961,144856,104.1334552,264.8190128
E54000038,NHS Somerset Integrated Care Board,1,0,2022/23,411,59142,152393,143.8978102,370.7858881
E54000038,NHS Somerset Integrated Care Board,1,0,2023/24,408,55969,128537,137.1789216,315.0416667
E54000038,NHS Somerset Integrated Care Board,1,1,2019/20,1075,104253,260364,96.97953488,242.1990698
E54000038,NHS Somerset Integrated Care Board,1,1,2020/21,1344,78185,346532,58.1733631,257.8363095
E54000038,NHS Somerset Integrated Care Board,1,1,2021/22,1343,154134,484962,114.7684289,361.1034996
E54000038,NHS Somerset Integrated Care Board,1,1,2022/23,1078,190971,529303,177.1530612,491.0046382
E54000038,NHS Somerset Integrated Care Board,1,1,2023/24,871,199988,404161,229.6073479,464.0195178
E54000039,NHS Bristol North Somerset and South Gloucestershire Integrated Care Board,0,0,2019/20,177366,16008651,37607325,90.25772132,212.032323
E54000039,NHS Bristol North Somerset and South Gloucestershire Integrated Care Board,0,0,2020/21,131559,7940499,39659039,60.35694251,301.4543969
E54000039,NHS Bristol North Somerset and South Gloucestershire Integrated Care Board,0,0,2021/22,183867,20340361,50600150,110.6254031,275.1997368
E54000039,NHS Bristol North Somerset and South Gloucestershire Integrated Care Board,0,0,2022/23,184616,21218760,58739501,114.9345669,318.1712365
E54000039,NHS Bristol North Somerset and South Gloucestershire Integrated Care Board,0,0,2023/24,197143,19399057,50193932,98.40094246,254.606717
E54000039,NHS Bristol North Somerset and South Gloucestershire Integrated Care Board,0,1,2019/20,63461,5964704,16360343,93.99007264,257.8015316
E54000039,NHS Bristol North Somerset and South Gloucestershire Integrated Care Board,0,1,2020/21,53781,3635343,22500754,67.59530317,418.3773823
E54000039,NHS Bristol North Somerset and South Gloucestershire Integrated Care Board,0,1,2021/22,62681,7671904,21829266,122.3960052,348.2596959
E54000039,NHS Bristol North Somerset and South Gloucestershire Integrated Care Board,0,1,2022/23,59507,7530584,24400561,126.5495488,410.0452216
E54000039,NHS Bristol North Somerset and South Gloucestershire Integrated Care Board,0,1,2023/24,61151,6760404,19027793,110.552632,311.1607823
E54000039,NHS Bristol North Somerset and South Gloucestershire Integrated Care Board,1,0,2019/20,1036,124379,244581,120.0569498,236.0820463
E54000039,NHS Bristol North Somerset and South Gloucestershire Integrated Care Board,1,0,2020/21,966,82904,220628,85.82194617,228.3933747
E54000039,NHS Bristol North Somerset and South Gloucestershire Integrated Care Board,1,0,2021/22,921,142983,326821,155.247557,354.854506
E54000039,NHS Bristol North Somerset and South Gloucestershire Integrated Care Board,1,0,2022/23,1164,184509,523255,158.5128866,449.5317869
E54000039,NHS Bristol North Somerset and South Gloucestershire Integrated Care Board,1,0,2023/24,1421,194016,485466,136.5348346,341.6368754
E54000039,NHS Bristol North Somerset and South Gloucestershire Integrated Care Board,1,1,2019/20,4093,487316,1193963,119.0608356,291.7085268
E54000039,NHS Bristol North Somerset and South Gloucestershire Integrated Care Board,1,1,2020/21,3978,339656,1266333,85.38360985,318.3340875
E54000039,NHS Bristol North Somerset and South Gloucestershire Integrated Care Board,1,1,2021/22,3758,596629,1584648,158.7623736,421.6732304
E54000039,NHS Bristol North Somerset and South Gloucestershire Integrated Care Board,1,1,2022/23,3736,590963,2000559,158.1806745,535.481531
E54000039,NHS Bristol North Somerset and South Gloucestershire Integrated Care Board,1,1,2023/24,4191,592841,1827666,141.4557385,436.0930565
E54000040,NHS Bath and North East Somerset Swindon and Wiltshire Integrated Care Board,0,0,2019/20,124024,11471134,29662478,92.49124363,239.1672418
E54000040,NHS Bath and North East Somerset Swindon and Wiltshire Integrated Care Board,0,0,2020/21,94153,6524776,18607136,69.29971429,197.6265865
E54000040,NHS Bath and North East Somerset Swindon and Wiltshire Integrated Care Board,0,0,2021/22,126323,13980611,34102372,110.6735195,269.9617014
E54000040,NHS Bath and North East Somerset Swindon and Wiltshire Integrated Care Board,0,0,2022/23,128542,15744932,44286925,122.4886185,344.5327208
E54000040,NHS Bath and North East Somerset Swindon and Wiltshire Integrated Care Board,0,0,2023/24,134781,15253708,41979511,113.174023,311.4646055
E54000040,NHS Bath and North East Somerset Swindon and Wiltshire Integrated Care Board,0,1,2019/20,44739,4447361,12758411,99.40680391,285.1742551
E54000040,NHS Bath and North East Somerset Swindon and Wiltshire Integrated Care Board,0,1,2020/21,36545,2689015,8337943,73.58092762,228.1555069
E54000040,NHS Bath and North East Somerset Swindon and Wiltshire Integrated Care Board,0,1,2021/22,41631,4864038,13635761,116.8369244,327.5386371
E54000040,NHS Bath and North East Somerset Swindon and Wiltshire Integrated Care Board,0,1,2022/23,40729,5363900,17700817,131.6973164,434.5998429
E54000040,NHS Bath and North East Somerset Swindon and Wiltshire Integrated Care Board,0,1,2023/24,40878,5055662,15622514,123.6768433,382.1741279
E54000040,NHS Bath and North East Somerset Swindon and Wiltshire Integrated Care Board,1,0,2019/20,787,88258,226795,112.1448539,288.1766201
E54000040,NHS Bath and North East Somerset Swindon and Wiltshire Integrated Care Board,1,0,2020/21,871,74345,202688,85.35591274,232.7072331
E54000040,NHS Bath and North East Somerset Swindon and Wiltshire Integrated Care Board,1,0,2021/22,990,125567,345333,126.8353535,348.8212121
E54000040,NHS Bath and North East Somerset Swindon and Wiltshire Integrated Care Board,1,0,2022/23,816,124901,469044,153.064951,574.8088235
E54000040,NHS Bath and North East Somerset Swindon and Wiltshire Integrated Care Board,1,0,2023/24,962,129540,450422,134.6569647,468.2141372
E54000040,NHS Bath and North East Somerset Swindon and Wiltshire Integrated Care Board,1,1,2019/20,2176,242669,658815,111.5206801,302.7642463
E54000040,NHS Bath and North East Somerset Swindon and Wiltshire Integrated Care Board,1,1,2020/21,2275,190371,576290,83.67956044,253.3142857
E54000040,NHS Bath and North East Somerset Swindon and Wiltshire Integrated Care Board,1,1,2021/22,2459,329347,939109,133.9353396,381.9068727
E54000040,NHS Bath and North East Somerset Swindon and Wiltshire Integrated Care Board,1,1,2022/23,2215,349214,1208577,157.6586907,545.6329571
E54000040,NHS Bath and North East Somerset Swindon and Wiltshire Integrated Care Board,1,1,2023/24,2359,403314,1102647,170.9682069,467.421365
E54000041,NHS Dorset Integrated Care Board,0,0,2019/20,137932,12294033,27632399,89.13111533,200.3334904
E54000041,NHS Dorset Integrated Care Board,0,0,2020/21,109508,6733210,20928277,61.48601015,191.1118548
E54000041,NHS Dorset Integrated Care Board,0,0,2021/22,146645,15222318,36595721,103.8038665,249.5531454
E54000041,NHS Dorset Integrated Care Board,0,0,2022/23,149501,16084421,47292697,107.5873807,316.3369944
E54000041,NHS Dorset Integrated Care Board,0,0,2023/24,156730,19696838,44758235,125.6736936,285.5754163
E54000041,NHS Dorset Integrated Care Board,0,1,2019/20,60104,5911002,13507474,98.3462332,224.735026
E54000041,NHS Dorset Integrated Care Board,0,1,2020/21,51050,3487818,11139786,68.32160627,218.2132419
E54000041,NHS Dorset Integrated Care Board,0,1,2021/22,60797,6923646,17442108,113.8813757,286.8909321
E54000041,NHS Dorset Integrated Care Board,0,1,2022/23,58544,6994091,21932944,119.4672554,374.6403389
E54000041,NHS Dorset Integrated Care Board,0,1,2023/24,59694,7025063,19837677,117.6845747,332.3227963
E54000041,NHS Dorset Integrated Care Board,1,0,2019/20,549,57525,128638,104.7814208,234.3132969
E54000041,NHS Dorset Integrated Care Board,1,0,2020/21,725,54132,170696,74.66482759,235.4427586
E54000041,NHS Dorset Integrated Care Board,1,0,2021/22,820,111131,284921,135.5256098,347.4646341
E54000041,NHS Dorset Integrated Care Board,1,0,2022/23,707,104452,321907,147.7397454,455.3140028
E54000041,NHS Dorset Integrated Care Board,1,0,2023/24,902,135996,414277,150.7716186,459.2871397
E54000041,NHS Dorset Integrated Care Board,1,1,2019/20,2465,338070,669224,137.148073,271.4904665
E54000041,NHS Dorset Integrated Care Board,1,1,2020/21,2681,229459,704360,85.58709437,262.7228646
E54000041,NHS Dorset Integrated Care Board,1,1,2021/22,2954,460589,1112289,155.9204469,376.5365606
E54000041,NHS Dorset Integrated Care Board,1,1,2022/23,3035,516039,1589573,170.0293245,523.7472817
E54000041,NHS Dorset Integrated Care Board,1,1,2023/24,3556,571353,1704506,160.6729471,479.332396
E54000042,NHS Hampshire and Isle of Wight Integrated Care Board,0,0,2019/20,274966,27701795,65349409,100.7462559,237.6635984
E54000042,NHS Hampshire and Isle of Wight Integrated Care Board,0,0,2020/21,217348,14730005,43405621,67.77152309,199.705638
E54000042,NHS Hampshire and Isle of Wight Integrated Care Board,0,0,2021/22,298960,34194506,78131914,114.3781978,261.3457118
E54000042,NHS Hampshire and Isle of Wight Integrated Care Board,0,0,2022/23,320659,39783578,98156742,124.0681783,306.1094247
E54000042,NHS Hampshire and Isle of Wight Integrated Care Board,0,0,2023/24,341099,40176391,100785375,117.7851328,295.4725021
E54000042,NHS Hampshire and Isle of Wight Integrated Care Board,0,1,2019/20,120464,13324049,35292697,110.6060649,292.9729795
E54000042,NHS Hampshire and Isle of Wight Integrated Care Board,0,1,2020/21,101207,7575531,24201930,74.85184819,239.1329651
E54000042,NHS Hampshire and Isle of Wight Integrated Care Board,0,1,2021/22,118932,15332756,37008798,128.9203579,311.1761174
E54000042,NHS Hampshire and Isle of Wight Integrated Care Board,0,1,2022/23,119279,16659478,45176614,139.6681562,378.7474241
E54000042,NHS Hampshire and Isle of Wight Integrated Care Board,0,1,2023/24,122796,16723038,45252188,136.1855272,368.5151634
E54000042,NHS Hampshire and Isle of Wight Integrated Care Board,1,0,2019/20,1393,198250,424836,142.3187365,304.9791816
E54000042,NHS Hampshire and Isle of Wight Integrated Care Board,1,0,2020/21,1583,179039,381080,113.1010739,240.7327858
E54000042,NHS Hampshire and Isle of Wight Integrated Care Board,1,0,2021/22,1758,298273,617177,169.6660978,351.0676906
E54000042,NHS Hampshire and Isle of Wight Integrated Care Board,1,0,2022/23,1787,380123,744388,212.7157247,416.5573587
E54000042,NHS Hampshire and Isle of Wight Integrated Care Board,1,0,2023/24,2082,492854,913339,236.7214217,438.6834774
E54000042,NHS Hampshire and Isle of Wight Integrated Care Board,1,1,2019/20,7584,998534,2794276,131.6632384,368.4435654
E54000042,NHS Hampshire and Isle of Wight Integrated Care Board,1,1,2020/21,6559,726817,1895163,110.8121665,288.9408446
E54000042,NHS Hampshire and Isle of Wight Integrated Care Board,1,1,2021/22,7827,2167121,3026700,276.8776032,386.699885
E54000042,NHS Hampshire and Isle of Wight Integrated Care Board,1,1,2022/23,8120,2789385,3983039,343.5203202,490.5220443
E54000042,NHS Hampshire and Isle of Wight Integrated Care Board,1,1,2023/24,9371,4088419,4921446,436.2841746,525.1783161
E54000043,NHS Gloucestershire Integrated Care Board,0,0,2019/20,110605,7679504,21171244,69.43179784,191.4130826
E54000043,NHS Gloucestershire Integrated Care Board,0,0,2020/21,68190,4503843,14181355,66.04843819,207.9682505
E54000043,NHS Gloucestershire Integrated Care Board,0,0,2021/22,100176,11866730,29326509,118.4588125,292.7498503
E54000043,NHS Gloucestershire Integrated Care Board,0,0,2022/23,107836,11106601,40524324,102.9952984,375.7958752
E54000043,NHS Gloucestershire Integrated Care Board,0,0,2023/24,113682,9818801,39339437,86.3707623,346.0480727
E54000043,NHS Gloucestershire Integrated Care Board,0,1,2019/20,44818,3530900,10506387,78.78307823,234.423379
E54000043,NHS Gloucestershire Integrated Care Board,0,1,2020/21,31563,2404761,7880709,76.18924057,249.6818743
E54000043,NHS Gloucestershire Integrated Care Board,0,1,2021/22,38481,5273491,14459589,137.041423,375.7591799
E54000043,NHS Gloucestershire Integrated Care Board,0,1,2022/23,37896,4396934,19460617,116.0263352,513.5269422
E54000043,NHS Gloucestershire Integrated Care Board,0,1,2023/24,38202,3709760,17283415,97.10905188,452.4217318
E54000043,NHS Gloucestershire Integrated Care Board,1,0,2019/20,72,8813,19412,122.4027778,269.6111111
E54000043,NHS Gloucestershire Integrated Care Board,1,0,2020/21,251,27400,76698,109.1633466,305.5697211
E54000043,NHS Gloucestershire Integrated Care Board,1,0,2021/22,446,78361,216924,175.6973094,486.3766816
E54000043,NHS Gloucestershire Integrated Care Board,1,0,2022/23,494,71870,319129,145.48583,646.0101215
E54000043,NHS Gloucestershire Integrated Care Board,1,0,2023/24,506,60586,287296,119.7351779,567.7786561
E54000043,NHS Gloucestershire Integrated Care Board,1,1,2019/20,163,19082,55722,117.0674847,341.8527607
E54000043,NHS Gloucestershire Integrated Care Board,1,1,2020/21,1043,121902,375119,116.8763183,359.653883
E54000043,NHS Gloucestershire Integrated Care Board,1,1,2021/22,1160,202222,623062,174.3293103,537.1224138
E54000043,NHS Gloucestershire Integrated Care Board,1,1,2022/23,1474,212852,1062890,144.4043419,721.0922659
E54000043,NHS Gloucestershire Integrated Care Board,1,1,2023/24,1433,176200,935100,122.9588276,652.547104
E54000044,NHS Buckinghamshire Oxfordshire and Berkshire West Integrated Care Board,0,0,2019/20,253901,22725325,100700552,89.50466914,396.6134517
E54000044,NHS Buckinghamshire Oxfordshire and Berkshire West Integrated Care Board,0,0,2020/21,200398,11495350,84264063,57.36259843,420.4835527
E54000044,NHS Buckinghamshire Oxfordshire and Berkshire West Integrated Care Board,0,0,2021/22,291868,31296191,573185232,107.2272089,1963.850891
E54000044,NHS Buckinghamshire Oxfordshire and Berkshire West Integrated Care Board,0,0,2022/23,298221,36261466,131463329,121.5925974,440.82519
E54000044,NHS Buckinghamshire Oxfordshire and Berkshire West Integrated Care Board,0,0,2023/24,301037,37199969,128278536,123.5727469,426.1221577
E54000044,NHS Buckinghamshire Oxfordshire and Berkshire West Integrated Care Board,0,1,2019/20,98013,9080295,25865803,92.64378195,263.9017579
E54000044,NHS Buckinghamshire Oxfordshire and Berkshire West Integrated Care Board,0,1,2020/21,81721,5025748,61843332,61.49885586,756.7618115
E54000044,NHS Buckinghamshire Oxfordshire and Berkshire West Integrated Care Board,0,1,2021/22,102502,11631651,155433035,113.4773078,1516.390266
E54000044,NHS Buckinghamshire Oxfordshire and Berkshire West Integrated Care Board,0,1,2022/23,98783,12741589,118212775,128.9856453,1196.691485
E54000044,NHS Buckinghamshire Oxfordshire and Berkshire West Integrated Care Board,0,1,2023/24,96567,12355887,115797600,127.951443,1199.142564
E54000044,NHS Buckinghamshire Oxfordshire and Berkshire West Integrated Care Board,1,0,2019/20,920,90120,279132,97.95652174,303.4043478
E54000044,NHS Buckinghamshire Oxfordshire and Berkshire West Integrated Care Board,1,0,2020/21,935,65851,239671,70.42887701,256.3326203
E54000044,NHS Buckinghamshire Oxfordshire and Berkshire West Integrated Care Board,1,0,2021/22,947,126114,344641,133.1721225,363.9292503
E54000044,NHS Buckinghamshire Oxfordshire and Berkshire West Integrated Care Board,1,0,2022/23,1130,159828,533874,141.440708,472.4548673
E54000044,NHS Buckinghamshire Oxfordshire and Berkshire West Integrated Care Board,1,0,2023/24,1202,168923,580929,140.5349418,483.3019967
E54000044,NHS Buckinghamshire Oxfordshire and Berkshire West Integrated Care Board,1,1,2019/20,3342,346515,1077526,103.6849192,322.4195093
E54000044,NHS Buckinghamshire Oxfordshire and Berkshire West Integrated Care Board,1,1,2020/21,3020,209259,43067258,69.2910596,14260.68146
E54000044,NHS Buckinghamshire Oxfordshire and Berkshire West Integrated Care Board,1,1,2021/22,3085,419802,1231530,136.0784441,399.1993517
E54000044,NHS Buckinghamshire Oxfordshire and Berkshire West Integrated Care Board,1,1,2022/23,3128,453561,1570851,145.0003197,502.1902174
E54000044,NHS Buckinghamshire Oxfordshire and Berkshire West Integrated Care Board,1,1,2023/24,3724,644805,1953192,173.1484962,524.4876477
E54000048,NHS Lancashire and South Cumbria Integrated Care Board,0,0,2019/20,278655,25192239,63695173,90.40655649,228.5807647
E54000048,NHS Lancashire and South Cumbria Integrated Care Board,0,0,2020/21,231358,13946138,48528226,60.27947164,209.7538274
E54000048,NHS Lancashire and South Cumbria Integrated Care Board,0,0,2021/22,289946,30599693,89681923,105.5358343,309.3056052
E54000048,NHS Lancashire and South Cumbria Integrated Care Board,0,0,2022/23,323189,37774484,115910462,116.8804755,358.6460616
E54000048,NHS Lancashire and South Cumbria Integrated Care Board,0,0,2023/24,414888,38453629,332362802,92.6843606,801.0904196
E54000048,NHS Lancashire and South Cumbria Integrated Care Board,0,1,2019/20,146307,14900652,40657963,101.8451065,277.8948581
E54000048,NHS Lancashire and South Cumbria Integrated Care Board,0,1,2020/21,126787,8248788,31325362,65.06020333,247.0707722
E54000048,NHS Lancashire and South Cumbria Integrated Care Board,0,1,2021/22,144534,17257631,54730076,119.4018778,378.6657534
E54000048,NHS Lancashire and South Cumbria Integrated Care Board,0,1,2022/23,149273,20917341,70178559,140.1280942,470.1356508
E54000048,NHS Lancashire and South Cumbria Integrated Care Board,0,1,2023/24,174674,20848463,206840986,119.3564182,1184.154402
E54000048,NHS Lancashire and South Cumbria Integrated Care Board,1,0,2019/20,1063,122021,290902,114.7892756,273.6613358
E54000048,NHS Lancashire and South Cumbria Integrated Care Board,1,0,2020/21,1616,116042,353980,71.80816832,219.0470297
E54000048,NHS Lancashire and South Cumbria Integrated Care Board,1,0,2021/22,1495,193880,535823,129.6856187,358.4100334
E54000048,NHS Lancashire and South Cumbria Integrated Care Board,1,0,2022/23,1291,209826,690771,162.5298218,535.066615
E54000048,NHS Lancashire and South Cumbria Integrated Care Board,1,0,2023/24,1379,200179,1591641,145.1624365,1154.19942
E54000048,NHS Lancashire and South Cumbria Integrated Care Board,1,1,2019/20,6710,830874,2667784,123.8262295,397.5833085
E54000048,NHS Lancashire and South Cumbria Integrated Care Board,1,1,2020/21,7255,521298,2113639,71.85361819,291.3354928
E54000048,NHS Lancashire and South Cumbria Integrated Care Board,1,1,2021/22,7603,967801,3269345,127.29199,430.007234
E54000048,NHS Lancashire and South Cumbria Integrated Care Board,1,1,2022/23,6595,1275518,4390433,193.4068234,665.7214556
E54000048,NHS Lancashire and South Cumbria Integrated Care Board,1,1,2023/24,6536,1148435,7500092,175.7091493,1147.504896
E54000050,NHS North East and North Cumbria Integrated Care Board,0,0,2019/20,503060,73559925,88813317,146.2249533,176.5461714
E54000050,NHS North East and North Cumbria Integrated Care Board,0,0,2020/21,372482,29741080,59980652,79.84568382,161.0296659
E54000050,NHS North East and North Cumbria Integrated Care Board,0,0,2021/22,570317,103273451,119538554,181.0807867,209.6001943
E54000050,NHS North East and North Cumbria Integrated Care Board,0,0,2022/23,587586,169965560,154472393,289.260738,262.8932497
E54000050,NHS North East and North Cumbria Integrated Care Board,0,0,2023/24,612163,77138994,156589327,126.0105462,255.7967845
E54000050,NHS North East and North Cumbria Integrated Care Board,0,1,2019/20,279932,41791490,58746766,149.291578,209.8608448
E54000050,NHS North East and North Cumbria Integrated Care Board,0,1,2020/21,224313,18341590,42273925,81.76784226,188.4595409
E54000050,NHS North East and North Cumbria Integrated Care Board,0,1,2021/22,289410,52397997,72568830,181.0510936,250.7474863
E54000050,NHS North East and North Cumbria Integrated Care Board,0,1,2022/23,289226,84175895,94517765,291.0384786,326.7955336
E54000050,NHS North East and North Cumbria Integrated Care Board,0,1,2023/24,291287,40913443,93170361,140.4574972,319.8576009
E54000050,NHS North East and North Cumbria Integrated Care Board,1,0,2019/20,2362,326093,524683,138.0580017,222.135055
E54000050,NHS North East and North Cumbria Integrated Care Board,1,0,2020/21,2507,190587,500745,76.02193857,199.7387316
E54000050,NHS North East and North Cumbria Integrated Care Board,1,0,2021/22,3071,397656,876839,129.4874634,285.5223054
E54000050,NHS North East and North Cumbria Integrated Care Board,1,0,2022/23,3116,588094,1174818,188.7336329,377.0275995
E54000050,NHS North East and North Cumbria Integrated Care Board,1,0,2023/24,3435,493330,1247107,143.6186317,363.0588064
E54000050,NHS North East and North Cumbria Integrated Care Board,1,1,2019/20,8574,2176011,2157664,253.7918125,251.6519711
E54000050,NHS North East and North Cumbria Integrated Care Board,1,1,2020/21,8112,792388,1810748,97.68096647,223.2184418
E54000050,NHS North East and North Cumbria Integrated Care Board,1,1,2021/22,10490,3527918,3314466,336.3124881,315.964347
E54000050,NHS North East and North Cumbria Integrated Care Board,1,1,2022/23,10099,5339300,4132178,528.6959105,409.1670462
E54000050,NHS North East and North Cumbria Integrated Care Board,1,1,2023/24,10852,2003981,4410222,184.6646701,406.3971618
E54000051,NHS Humber and North Yorkshire Integrated Care Board,0,0,2019/20,292790,25401493,59231372,86.75669593,202.2998463
E54000051,NHS Humber and North Yorkshire Integrated Care Board,0,0,2020/21,232636,13640427,42284306,58.63420537,181.761662
E54000051,NHS Humber and North Yorkshire Integrated Care Board,0,0,2021/22,291396,28275721,74637496,97.03537797,256.1376821
E54000051,NHS Humber and North Yorkshire Integrated Care Board,0,0,2022/23,309318,33819122,98771785,109.3344778,319.3211679
E54000051,NHS Humber and North Yorkshire Integrated Care Board,0,0,2023/24,326579,34176803,101941253,104.6509512,312.1488308
E54000051,NHS Humber and North Yorkshire Integrated Care Board,0,1,2019/20,155255,14780090,36604676,95.19880197,235.7713182
E54000051,NHS Humber and North Yorkshire Integrated Care Board,0,1,2020/21,128216,8214543,26858619,64.06800243,209.4794643
E54000051,NHS Humber and North Yorkshire Integrated Care Board,0,1,2021/22,144370,15395011,43754247,106.6358038,303.0702154
E54000051,NHS Humber and North Yorkshire Integrated Care Board,0,1,2022/23,141332,17713027,56784787,125.3292036,401.7829437
E54000051,NHS Humber and North Yorkshire Integrated Care Board,0,1,2023/24,147172,17742760,56756288,120.5579866,385.6459653
E54000051,NHS Humber and North Yorkshire Integrated Care Board,1,0,2019/20,1736,201303,474568,115.9579493,273.3686636
E54000051,NHS Humber and North Yorkshire Integrated Care Board,1,0,2020/21,1784,134488,421195,75.38565022,236.095852
E54000051,NHS Humber and North Yorkshire Integrated Care Board,1,0,2021/22,1763,235408,697009,133.5269427,395.3539421
E54000051,NHS Humber and North Yorkshire Integrated Care Board,1,0,2022/23,1694,275279,1014130,162.5023613,598.6599764
E54000051,NHS Humber and North Yorkshire Integrated Care Board,1,0,2023/24,1920,314740,1115742,163.9270833,581.115625
E54000051,NHS Humber and North Yorkshire Integrated Care Board,1,1,2019/20,6877,723061,2032063,105.1419223,295.4868402
E54000051,NHS Humber and North Yorkshire Integrated Care Board,1,1,2020/21,6617,472474,1697945,71.40305274,256.6034457
E54000051,NHS Humber and North Yorkshire Integrated Care Board,1,1,2021/22,6569,796721,2512264,121.2849749,382.4423809
E54000051,NHS Humber and North Yorkshire Integrated Care Board,1,1,2022/23,5656,922562,3039626,163.1120934,537.4161952
E54000051,NHS Humber and North Yorkshire Integrated Care Board,1,1,2023/24,6145,904813,3095063,147.2437754,503.6717657
E54000052,NHS Surrey Heartlands Integrated Care Board,0,0,2019/20,166160,8510509,41824013,51.21875903,251.7092742
E54000052,NHS Surrey Heartlands Integrated Care Board,0,0,2020/21,131964,4464177,30058313,33.82874875,227.7766133
E54000052,NHS Surrey Heartlands Integrated Care Board,0,0,2021/22,210741,11681736,57763875,55.4317195,274.0988939
E54000052,NHS Surrey Heartlands Integrated Care Board,0,0,2022/23,231900,16981925,79144454,73.22951703,341.2869944
E54000052,NHS Surrey Heartlands Integrated Care Board,0,0,2023/24,234416,16827280,77722277,71.78383728,331.5570482
E54000052,NHS Surrey Heartlands Integrated Care Board,0,1,2019/20,65343,3127701,18915867,47.86589229,289.4857445
E54000052,NHS Surrey Heartlands Integrated Care Board,0,1,2020/21,56004,1857447,14144056,33.16632741,252.554389
E54000052,NHS Surrey Heartlands Integrated Care Board,0,1,2021/22,75674,4394559,24969129,58.0722441,329.9565108
E54000052,NHS Surrey Heartlands Integrated Care Board,0,1,2022/23,78071,6579232,34157989,84.2724187,437.5246763
E54000052,NHS Surrey Heartlands Integrated Care Board,0,1,2023/24,76667,6418553,36890197,83.71989252,481.1743905
E54000052,NHS Surrey Heartlands Integrated Care Board,1,0,2019/20,585,30657,138598,52.40512821,236.9196581
E54000052,NHS Surrey Heartlands Integrated Care Board,1,0,2020/21,632,25694,117917,40.65506329,186.5775316
E54000052,NHS Surrey Heartlands Integrated Care Board,1,0,2021/22,592,29854,154704,50.42905405,261.3243243
E54000052,NHS Surrey Heartlands Integrated Care Board,1,0,2022/23,596,49691,278123,83.37416107,466.6493289
E54000052,NHS Surrey Heartlands Integrated Care Board,1,0,2023/24,508,43057,426245,84.75787402,839.0649606
E54000052,NHS Surrey Heartlands Integrated Care Board,1,1,2019/20,2350,110033,727133,46.82255319,309.4182979
E54000052,NHS Surrey Heartlands Integrated Care Board,1,1,2020/21,2055,89334,563591,43.47153285,274.253528
E54000052,NHS Surrey Heartlands Integrated Care Board,1,1,2021/22,2099,147058,937682,70.06098142,446.7279657
E54000052,NHS Surrey Heartlands Integrated Care Board,1,1,2022/23,2454,182320,2069890,74.29502852,843.4759576
E54000052,NHS Surrey Heartlands Integrated Care Board,1,1,2023/24,2329,302227,2874267,129.7668527,1234.120653
E54000053,NHS Sussex Integrated Care Board,0,0,2019/20,322959,31039771,77911024,96.11056202,241.2412226
E54000053,NHS Sussex Integrated Care Board,0,0,2020/21,249896,18838828,54748589,75.38667286,219.0854956
E54000053,NHS Sussex Integrated Care Board,0,0,2021/22,279455,34053661,74886784,121.8574046,267.974393
E54000053,NHS Sussex Integrated Care Board,0,0,2022/23,295059,55940068,99301026,189.5894313,336.5463382
E54000053,NHS Sussex Integrated Care Board,0,0,2023/24,286518,54676009,96569150,190.8292289,337.0439205
E54000053,NHS Sussex Integrated Care Board,0,1,2019/20,133809,13318506,42335583,99.53370849,316.3881577
E54000053,NHS Sussex Integrated Care Board,0,1,2020/21,109957,8697797,29169796,79.10180343,265.2836654
E54000053,NHS Sussex Integrated Care Board,0,1,2021/22,109486,14263436,36992575,130.2763458,337.8749338
E54000053,NHS Sussex Integrated Care Board,0,1,2022/23,106729,23310947,47762137,218.4124933,447.5085216
E54000053,NHS Sussex Integrated Care Board,0,1,2023/24,101195,22953577,46444012,226.8252088,458.9556006
E54000053,NHS Sussex Integrated Care Board,1,0,2019/20,1759,178535,532674,101.4980102,302.827743
E54000053,NHS Sussex Integrated Care Board,1,0,2020/21,1905,156576,447725,82.19212598,235.0262467
E54000053,NHS Sussex Integrated Care Board,1,0,2021/22,1523,223457,477856,146.7216021,313.7596848
E54000053,NHS Sussex Integrated Care Board,1,0,2022/23,1612,502603,801655,311.7884615,497.3045906
E54000053,NHS Sussex Integrated Care Board,1,0,2023/24,1698,553093,845988,325.7320377,498.2261484
E54000053,NHS Sussex Integrated Care Board,1,1,2019/20,8960,1210191,4229983,135.0659598,472.096317
E54000053,NHS Sussex Integrated Care Board,1,1,2020/21,8411,835853,3179524,99.37617406,378.0197361
E54000053,NHS Sussex Integrated Care Board,1,1,2021/22,8047,1444028,3985245,179.4492357,495.2460544
E54000053,NHS Sussex Integrated Care Board,1,1,2022/23,8501,3706867,6895690,436.0506999,811.1622162
E54000053,NHS Sussex Integrated Care Board,1,1,2023/24,8613,4098129,8914752,475.8073842,1035.034483
E54000054,NHS West Yorkshire Integrated Care Board,0,0,2019/20,540922,54441518,105679976,100.6457826,195.3700829
E54000054,NHS West Yorkshire Integrated Care Board,0,0,2020/21,420432,55220366,75259004,131.3419673,179.0039864
E54000054,NHS West Yorkshire Integrated Care Board,0,0,2021/22,580206,63421653,135601710,109.3088541,233.7130433
E54000054,NHS West Yorkshire Integrated Care Board,0,0,2022/23,585155,73369336,161283590,125.3844469,275.6254155
E54000054,NHS West Yorkshire Integrated Care Board,0,0,2023/24,594092,65472672,152779165,110.2062845,257.1641513
E54000054,NHS West Yorkshire Integrated Care Board,0,1,2019/20,215723,25182440,49843912,116.7350723,231.0551587
E54000054,NHS West Yorkshire Integrated Care Board,0,1,2020/21,180260,14918790,38591838,82.76262066,214.0898591
E54000054,NHS West Yorkshire Integrated Care Board,0,1,2021/22,212093,26567640,61326523,125.2641058,289.1492081
E54000054,NHS West Yorkshire Integrated Care Board,0,1,2022/23,207619,29218677,72862852,140.7321921,350.9450098
E54000054,NHS West Yorkshire Integrated Care Board,0,1,2023/24,203599,25800518,66782481,126.7222236,328.0098674
E54000054,NHS West Yorkshire Integrated Care Board,1,0,2019/20,2721,356505,639085,131.0198456,234.8713708
E54000054,NHS West Yorkshire Integrated Care Board,1,0,2020/21,2918,276554,619025,94.77518849,212.1401645
E54000054,NHS West Yorkshire Integrated Care Board,1,0,2021/22,3133,483836,1022876,154.4321736,326.4845196
E54000054,NHS West Yorkshire Integrated Care Board,1,0,2022/23,2692,471440,1156237,175.1263001,429.5085438
E54000054,NHS West Yorkshire Integrated Care Board,1,0,2023/24,3159,491028,1288306,155.4377968,407.8208294
E54000054,NHS West Yorkshire Integrated Care Board,1,1,2019/20,8772,1201245,2400384,136.9408345,273.6415869
E54000054,NHS West Yorkshire Integrated Care Board,1,1,2020/21,8041,912710,2097597,113.5070265,260.8627036
E54000054,NHS West Yorkshire Integrated Care Board,1,1,2021/22,8828,1459229,3405810,165.2955369,385.7963299
E54000054,NHS West Yorkshire Integrated Care Board,1,1,2022/23,7719,1332845,3919576,172.6706827,507.7828734
E54000054,NHS West Yorkshire Integrated Care Board,1,1,2023/24,8338,1289760,4087420,154.6845766,490.2158791
E54000055,NHS Birmingham and Solihull Integrated Care Board,0,0,2019/20,301157,31434422,65990922,104.3788522,219.1246493
E54000055,NHS Birmingham and Solihull Integrated Care Board,0,0,2020/21,230241,12348692,46330528,53.63376636,201.2262282
E54000055,NHS Birmingham and Solihull Integrated Care Board,0,0,2021/22,335414,36637104,87563348,109.2295015,261.0605043
E54000055,NHS Birmingham and Solihull Integrated Care Board,0,0,2022/23,349039,40082487,101797116,114.8367002,291.6496896
E54000055,NHS Birmingham and Solihull Integrated Care Board,0,0,2023/24,342197,38112787,104208966,111.3767421,304.529163
E54000055,NHS Birmingham and Solihull Integrated Care Board,0,1,2019/20,134152,15171392,36148388,113.0910609,269.4584352
E54000055,NHS Birmingham and Solihull Integrated Care Board,0,1,2020/21,114818,6755474,27994433,58.83636712,243.815717
E54000055,NHS Birmingham and Solihull Integrated Care Board,0,1,2021/22,142413,17328543,45818129,121.6780982,321.7271527
E54000055,NHS Birmingham and Solihull Integrated Care Board,0,1,2022/23,137331,18865011,54991204,137.3689189,400.4281917
E54000055,NHS Birmingham and Solihull Integrated Care Board,0,1,2023/24,133257,17427287,56115690,130.7795238,421.1087598
E54000055,NHS Birmingham and Solihull Integrated Care Board,1,0,2019/20,1470,209691,506443,142.6469388,344.5190476
E54000055,NHS Birmingham and Solihull Integrated Care Board,1,0,2020/21,1806,122494,423533,67.82613511,234.5143965
E54000055,NHS Birmingham and Solihull Integrated Care Board,1,0,2021/22,1927,288185,769051,149.5511157,399.0923716
E54000055,NHS Birmingham and Solihull Integrated Care Board,1,0,2022/23,1915,325620,1208253,170.0365535,630.9415144
E54000055,NHS Birmingham and Solihull Integrated Care Board,1,0,2023/24,2021,311463,1340585,154.1133102,663.3275606
E54000055,NHS Birmingham and Solihull Integrated Care Board,1,1,2019/20,8376,1144078,2808978,136.5900191,335.3603152
E54000055,NHS Birmingham and Solihull Integrated Care Board,1,1,2020/21,8149,641879,2313707,78.76782427,283.9252669
E54000055,NHS Birmingham and Solihull Integrated Care Board,1,1,2021/22,9141,1423198,4036508,155.6939066,441.582759
E54000055,NHS Birmingham and Solihull Integrated Care Board,1,1,2022/23,8379,1636964,5146678,195.3650794,614.2353503
E54000055,NHS Birmingham and Solihull Integrated Care Board,1,1,2023/24,8938,1586368,6094922,177.485791,681.9111658
E54000056,NHS Cambridgeshire and Peterborough Integrated Care Board,0,0,2019/20,157499,14631731,34993994,92.90046921,222.1854996
E54000056,NHS Cambridgeshire and Peterborough Integrated Care Board,0,0,2020/21,121644,8194501,25023975,67.36461313,205.7148318
E54000056,NHS Cambridgeshire and Peterborough Integrated Care Board,0,0,2021/22,162578,19933257,46906979,122.6073454,288.5198428
E54000056,NHS Cambridgeshire and Peterborough Integrated Care Board,0,0,2022/23,167565,20809714,59472353,124.1889058,354.9210933
E54000056,NHS Cambridgeshire and Peterborough Integrated Care Board,0,0,2023/24,175670,19147649,58116614,108.9978312,330.8283372
E54000056,NHS Cambridgeshire and Peterborough Integrated Care Board,0,1,2019/20,73367,7705664,19264542,105.0290185,262.5777529
E54000056,NHS Cambridgeshire and Peterborough Integrated Care Board,0,1,2020/21,60544,4456915,15103215,73.61447873,249.458493
E54000056,NHS Cambridgeshire and Peterborough Integrated Care Board,0,1,2021/22,70610,9561250,25899744,135.4092905,366.7999434
E54000056,NHS Cambridgeshire and Peterborough Integrated Care Board,0,1,2022/23,67622,9162427,32219418,135.494765,476.4635474
E54000056,NHS Cambridgeshire and Peterborough Integrated Care Board,0,1,2023/24,69323,8265039,30921846,119.2250624,446.0546428
E54000056,NHS Cambridgeshire and Peterborough Integrated Care Board,1,0,2019/20,502,54446,116533,108.4581673,232.1374502
E54000056,NHS Cambridgeshire and Peterborough Integrated Care Board,1,0,2020/21,491,36285,106637,73.90020367,217.1832994
E54000056,NHS Cambridgeshire and Peterborough Integrated Care Board,1,0,2021/22,520,75396,188206,144.9923077,361.9346154
E54000056,NHS Cambridgeshire and Peterborough Integrated Care Board,1,0,2022/23,605,102995,292080,170.2396694,482.7768595
E54000056,NHS Cambridgeshire and Peterborough Integrated Care Board,1,0,2023/24,756,116706,343560,154.3730159,454.4444444
E54000056,NHS Cambridgeshire and Peterborough Integrated Care Board,1,1,2019/20,2291,232406,628305,101.443038,274.2492361
E54000056,NHS Cambridgeshire and Peterborough Integrated Care Board,1,1,2020/21,2109,169076,537230,80.16880038,254.7321005
E54000056,NHS Cambridgeshire and Peterborough Integrated Care Board,1,1,2021/22,2211,376277,924406,170.1840796,418.0940751
E54000056,NHS Cambridgeshire and Peterborough Integrated Care Board,1,1,2022/23,2479,551766,1450798,222.5760387,585.2351755
E54000056,NHS Cambridgeshire and Peterborough Integrated Care Board,1,1,2023/24,2619,459301,1528577,175.3726613,583.6491027
E54000057,NHS Greater Manchester Integrated Care Board,0,0,2019/20,584484,54530403,124555938,93.29665654,213.1041021
E54000057,NHS Greater Manchester Integrated Care Board,0,0,2020/21,522917,35465190,101392152,67.82183406,193.8972189
E54000057,NHS Greater Manchester Integrated Care Board,0,0,2021/22,703152,84115205,184864220,119.6259201,262.9079061
E54000057,NHS Greater Manchester Integrated Care Board,0,0,2022/23,662255,90099524,226566452,136.0495942,342.1136148
E54000057,NHS Greater Manchester Integrated Care Board,0,0,2023/24,659260,71428399,210081478,108.3463262,318.662558
E54000057,NHS Greater Manchester Integrated Care Board,0,1,2019/20,293708,29453570,76259417,100.2818105,259.6436495
E54000057,NHS Greater Manchester Integrated Care Board,0,1,2020/21,282528,21160348,67080845,74.89646336,237.4307856
E54000057,NHS Greater Manchester Integrated Care Board,0,1,2021/22,330135,43099912,109414651,130.5523861,331.423966
E54000057,NHS Greater Manchester Integrated Care Board,0,1,2022/23,298104,45242257,131878198,151.7666888,442.3898975
E54000057,NHS Greater Manchester Integrated Care Board,0,1,2023/24,288052,35385412,119935669,122.8438338,416.3681176
E54000057,NHS Greater Manchester Integrated Care Board,1,0,2019/20,2795,361404,711713,129.3037567,254.6379249
E54000057,NHS Greater Manchester Integrated Care Board,1,0,2020/21,3557,324718,796099,91.289851,223.8119202
E54000057,NHS Greater Manchester Integrated Care Board,1,0,2021/22,3100,533132,1073316,171.9780645,346.2309677
E54000057,NHS Greater Manchester Integrated Care Board,1,0,2022/23,2612,516872,1273265,197.8836141,487.4674579
E54000057,NHS Greater Manchester Integrated Care Board,1,0,2023/24,2677,394784,1245432,147.4725439,465.2342174
E54000057,NHS Greater Manchester Integrated Care Board,1,1,2019/20,15826,2057396,4922541,130.001011,311.0413876
E54000057,NHS Greater Manchester Integrated Care Board,1,1,2020/21,15887,1644040,4505166,103.4833512,283.5756279
E54000057,NHS Greater Manchester Integrated Care Board,1,1,2021/22,14310,2628785,6076915,183.7026555,424.6621244
E54000057,NHS Greater Manchester Integrated Care Board,1,1,2022/23,11996,2061207,6326037,171.8245248,527.3455318
E54000057,NHS Greater Manchester Integrated Care Board,1,1,2023/24,11028,1326551,6292318,120.2893544,570.5765325
E54000058,NHS Derby and Derbyshire Integrated Care Board,0,0,2019/20,185299,17181456,40522317,92.72287492,218.6861073
E54000058,NHS Derby and Derbyshire Integrated Care Board,0,0,2020/21,133930,7878516,26261071,58.82562533,196.0805719
E54000058,NHS Derby and Derbyshire Integrated Care Board,0,0,2021/22,165796,17259806,43551534,104.1026683,262.6814519
E54000058,NHS Derby and Derbyshire Integrated Care Board,0,0,2022/23,155781,20040484,55464429,128.6452391,356.0410384
E54000058,NHS Derby and Derbyshire Integrated Care Board,0,0,2023/24,211908,22790238,62374688,107.5477943,294.3479623
E54000058,NHS Derby and Derbyshire Integrated Care Board,0,1,2019/20,83965,8415808,22261564,100.229953,265.1290895
E54000058,NHS Derby and Derbyshire Integrated Care Board,0,1,2020/21,68261,4494908,15907460,65.84884487,233.0387776
E54000058,NHS Derby and Derbyshire Integrated Care Board,0,1,2021/22,70968,8641806,23872993,121.7704599,336.3909509
E54000058,NHS Derby and Derbyshire Integrated Care Board,0,1,2022/23,67024,9643665,31389140,143.8837581,468.326868
E54000058,NHS Derby and Derbyshire Integrated Care Board,0,1,2023/24,78656,9874428,32061272,125.5394121,407.613812
E54000058,NHS Derby and Derbyshire Integrated Care Board,1,0,2019/20,819,93957,206809,114.7216117,252.5140415
E54000058,NHS Derby and Derbyshire Integrated Care Board,1,0,2020/21,732,41254,141517,56.3579235,193.329235
E54000058,NHS Derby and Derbyshire Integrated Care Board,1,0,2021/22,937,116406,283567,124.2326574,302.6328709
E54000058,NHS Derby and Derbyshire Integrated Care Board,1,0,2022/23,800,124846,321701,156.0575,402.12625
E54000058,NHS Derby and Derbyshire Integrated Care Board,1,0,2023/24,1385,197025,524975,142.2563177,379.0433213
E54000058,NHS Derby and Derbyshire Integrated Care Board,1,1,2019/20,3866,455689,1173914,117.870926,303.6508019
E54000058,NHS Derby and Derbyshire Integrated Care Board,1,1,2020/21,3354,201799,856928,60.16666667,255.4943351
E54000058,NHS Derby and Derbyshire Integrated Care Board,1,1,2021/22,4166,546511,1586216,131.1836294,380.7527604
E54000058,NHS Derby and Derbyshire Integrated Care Board,1,1,2022/23,3263,494557,1602813,151.5651241,491.2083972
E54000058,NHS Derby and Derbyshire Integrated Care Board,1,1,2023/24,4629,642421,2318637,138.7818103,500.8937135
E54000059,NHS Northamptonshire Integrated Care Board,0,0,2019/20,138159,15415032,31950962,111.5745771,231.2622558
E54000059,NHS Northamptonshire Integrated Care Board,0,0,2020/21,104288,9227159,22818606,88.47766761,218.803755
E54000059,NHS Northamptonshire Integrated Care Board,0,0,2021/22,151170,14519896,38963750,96.05011576,257.7478997
E54000059,NHS Northamptonshire Integrated Care Board,0,0,2022/23,157119,13735518,50033947,87.42111393,318.4461905
E54000059,NHS Northamptonshire Integrated Care Board,0,0,2023/24,165458,14487970,54355842,87.56282561,328.5174606
E54000059,NHS Northamptonshire Integrated Care Board,0,1,2019/20,66132,9317906,19137663,140.8985967,289.3858193
E54000059,NHS Northamptonshire Integrated Care Board,0,1,2020/21,53056,6180362,14077485,116.4875226,265.3325731
E54000059,NHS Northamptonshire Integrated Care Board,0,1,2021/22,64923,7943325,21600190,122.3499376,332.7047425
E54000059,NHS Northamptonshire Integrated Care Board,0,1,2022/23,63083,6339368,28526840,100.492494,452.2112138
E54000059,NHS Northamptonshire Integrated Care Board,0,1,2023/24,63620,6554429,29644112,103.0246621,465.9558629
E54000059,NHS Northamptonshire Integrated Care Board,1,0,2019/20,653,106802,194199,163.5558959,297.3950995
E54000059,NHS Northamptonshire Integrated Care Board,1,0,2020/21,980,86548,230088,88.31428571,234.7836735
E54000059,NHS Northamptonshire Integrated Care Board,1,0,2021/22,999,110169,313681,110.2792793,313.994995
E54000059,NHS Northamptonshire Integrated Care Board,1,0,2022/23,836,99021,402279,118.4461722,481.1949761
E54000059,NHS Northamptonshire Integrated Care Board,1,0,2023/24,992,116016,533165,116.9516129,537.4647177
E54000059,NHS Northamptonshire Integrated Care Board,1,1,2019/20,3842,434275,1113902,113.0335763,289.9276419
E54000059,NHS Northamptonshire Integrated Care Board,1,1,2020/21,3657,332700,1049516,90.97621001,286.9882417
E54000059,NHS Northamptonshire Integrated Care Board,1,1,2021/22,3661,369936,1214162,101.0478011,331.6476373
E54000059,NHS Northamptonshire Integrated Care Board,1,1,2022/23,3985,438650,1810229,110.0752823,454.2607277
E54000059,NHS Northamptonshire Integrated Care Board,1,1,2023/24,4021,418984,2025352,104.1989555,503.6936086
E54000060,NHS Nottingham and Nottinghamshire Integrated Care Board,0,0,2019/20,202590,14688144,43206204,72.50182141,213.2691841
E54000060,NHS Nottingham and Nottinghamshire Integrated Care Board,0,0,2020/21,151068,6572900,27243720,43.50954537,180.3407737
E54000060,NHS Nottingham and Nottinghamshire Integrated Care Board,0,0,2021/22,207792,18094281,53495053,87.07881439,257.4452
E54000060,NHS Nottingham and Nottinghamshire Integrated Care Board,0,0,2022/23,216077,19322680,64044588,89.4249735,296.3970622
E54000060,NHS Nottingham and Nottinghamshire Integrated Care Board,0,0,2023/24,226833,20052179,68831095,88.40062513,303.4439213
E54000060,NHS Nottingham and Nottinghamshire Integrated Care Board,0,1,2019/20,103539,8279942,28146532,79.96930625,271.8447348
E54000060,NHS Nottingham and Nottinghamshire Integrated Care Board,0,1,2020/21,80638,3800049,17732922,47.12479228,219.9077606
E54000060,NHS Nottingham and Nottinghamshire Integrated Care Board,0,1,2021/22,94455,8858230,31209376,93.78254195,330.4152877
E54000060,NHS Nottingham and Nottinghamshire Integrated Care Board,0,1,2022/23,92145,8942435,37267993,97.04742525,404.449433
E54000060,NHS Nottingham and Nottinghamshire Integrated Care Board,0,1,2023/24,91134,8892625,37659556,97.57746834,413.2327781
E54000060,NHS Nottingham and Nottinghamshire Integrated Care Board,1,0,2019/20,1242,130429,348925,105.0152979,280.9380032
E54000060,NHS Nottingham and Nottinghamshire Integrated Care Board,1,0,2020/21,1103,65072,246881,58.99546691,223.8268359
E54000060,NHS Nottingham and Nottinghamshire Integrated Care Board,1,0,2021/22,1066,149177,400173,139.9409006,375.3968105
E54000060,NHS Nottingham and Nottinghamshire Integrated Care Board,1,0,2022/23,1106,148181,521645,133.9792043,471.6500904
E54000060,NHS Nottingham and Nottinghamshire Integrated Care Board,1,0,2023/24,1139,164031,575636,144.0131694,505.3871817
E54000060,NHS Nottingham and Nottinghamshire Integrated Care Board,1,1,2019/20,4752,451205,1614399,94.95054714,339.7304293
E54000060,NHS Nottingham and Nottinghamshire Integrated Care Board,1,1,2020/21,4224,245708,1138537,58.16950758,269.5400095
E54000060,NHS Nottingham and Nottinghamshire Integrated Care Board,1,1,2021/22,4105,463050,1751802,112.8014616,426.7483557
E54000060,NHS Nottingham and Nottinghamshire Integrated Care Board,1,1,2022/23,3989,473631,2049377,118.7342692,513.757082
E54000060,NHS Nottingham and Nottinghamshire Integrated Care Board,1,1,2023/24,4054,487986,2311961,120.371485,570.2913172
E54000061,NHS South Yorkshire Integrated Care Board,0,0,2019/20,328702,27028544,62276429,82.22810935,189.4616674
E54000061,NHS South Yorkshire Integrated Care Board,0,0,2020/21,254428,17173981,46328305,67.50035767,182.088076
E54000061,NHS South Yorkshire Integrated Care Board,0,0,2021/22,342121,36968804,79412874,108.0576872,232.1192619
E54000061,NHS South Yorkshire Integrated Care Board,0,0,2022/23,342656,42251250,88479398,123.3051515,258.2163978
E54000061,NHS South Yorkshire Integrated Care Board,0,0,2023/24,346716,39625371,83068827,114.2876908,239.5875212
E54000061,NHS South Yorkshire Integrated Care Board,0,1,2019/20,138898,12968493,32872459,93.36702472,236.6661795
E54000061,NHS South Yorkshire Integrated Care Board,0,1,2020/21,113656,8730814,26013227,76.81788907,228.8768477
E54000061,NHS South Yorkshire Integrated Care Board,0,1,2021/22,132935,16528012,39183218,124.3315304,294.7547147
E54000061,NHS South Yorkshire Integrated Care Board,0,1,2022/23,125584,18026631,41988516,143.5424178,334.3460632
E54000061,NHS South Yorkshire Integrated Care Board,0,1,2023/24,124487,17057642,38723779,137.0234804,311.0668504
E54000061,NHS South Yorkshire Integrated Care Board,1,0,2019/20,1394,161654,342083,115.964132,245.3967001
E54000061,NHS South Yorkshire Integrated Care Board,1,0,2020/21,1401,136053,345506,97.11134904,246.6138473
E54000061,NHS South Yorkshire Integrated Care Board,1,0,2021/22,1570,241842,467495,154.0394904,297.7675159
E54000061,NHS South Yorkshire Integrated Care Board,1,0,2022/23,1505,281473,605497,187.0252492,402.323588
E54000061,NHS South Yorkshire Integrated Care Board,1,0,2023/24,1578,286830,586356,181.7680608,371.581749
E54000061,NHS South Yorkshire Integrated Care Board,1,1,2019/20,5749,651329,1893474,113.2943121,329.3571056
E54000061,NHS South Yorkshire Integrated Care Board,1,1,2020/21,5986,539351,1858660,90.1020715,310.5011694
E54000061,NHS South Yorkshire Integrated Care Board,1,1,2021/22,6083,852341,1780140,140.118527,292.6417886
E54000061,NHS South Yorkshire Integrated Care Board,1,1,2022/23,6735,1156545,2541636,171.7216036,377.3772829
E54000061,NHS South Yorkshire Integrated Care Board,1,1,2023/24,7385,1300682,2682180,176.1248477,363.1929587
E54000062,NHS Black Country Integrated Care Board,0,0,2019/20,272609,21215077,55227286,77.82236463,202.5879043
E54000062,NHS Black Country Integrated Care Board,0,0,2020/21,213130,10529570,47662000,49.40444799,223.6287712
E54000062,NHS Black Country Integrated Care Board,0,0,2021/22,286247,26459009,73835577,92.43418796,257.9435837
E54000062,NHS Black Country Integrated Care Board,0,0,2022/23,304254,34877382,88510378,114.6324518,290.9094967
E54000062,NHS Black Country Integrated Care Board,0,0,2023/24,306027,35507547,80795041,116.0274976,264.0127865
E54000062,NHS Black Country Integrated Care Board,0,1,2019/20,108484,8946713,25640492,82.47034586,236.3527525
E54000062,NHS Black Country Integrated Care Board,0,1,2020/21,90971,4917624,24379321,54.05705115,267.9900298
E54000062,NHS Black Country Integrated Care Board,0,1,2021/22,107601,10807887,32839766,100.444113,305.1994498
E54000062,NHS Black Country Integrated Care Board,0,1,2022/23,107472,13691226,37772779,127.3934234,351.4662331
E54000062,NHS Black Country Integrated Care Board,0,1,2023/24,106134,14279131,35502055,134.5387058,334.5021859
E54000062,NHS Black Country Integrated Care Board,1,0,2019/20,1146,116593,323712,101.7390925,282.4712042
E54000062,NHS Black Country Integrated Care Board,1,0,2020/21,1137,86024,313256,75.6587511,275.5109938
E54000062,NHS Black Country Integrated Care Board,1,0,2021/22,1540,197710,675881,128.3831169,438.8837662
E54000062,NHS Black Country Integrated Care Board,1,0,2022/23,1240,220090,564906,177.4919355,455.5693548
E54000062,NHS Black Country Integrated Care Board,1,0,2023/24,1454,264757,593907,182.0887208,408.4642366
E54000062,NHS Black Country Integrated Care Board,1,1,2019/20,5460,523879,1581287,95.9485348,289.6130037
E54000062,NHS Black Country Integrated Care Board,1,1,2020/21,4719,329015,1274608,69.72133927,270.1012926
E54000062,NHS Black Country Integrated Care Board,1,1,2021/22,6889,889336,2543391,129.0950791,369.1959646
E54000062,NHS Black Country Integrated Care Board,1,1,2022/23,6439,1222619,2989834,189.8771548,464.3320391
E54000062,NHS Black Country Integrated Care Board,1,1,2023/24,6302,1417092,3203418,224.8638527,508.3176769
