Area code,Area name,Asian Asian British or Asian Welsh Bangladeshi,Asian Asian British or Asian Welsh Chinese,Asian Asian British or Asian Welsh Indian,Asian Asian British or Asian Welsh Pakistani,Asian Asian British or Asian Welsh Other Asian,Black Black British Black Welsh Caribbean or African African,Black Black British Black Welsh Caribbean or African Caribbean,Black Black British Black Welsh Caribbean or African Other Black,Mixed or Multiple ethnic groups White and Asian,Mixed or Multiple ethnic groups White and Black African,Mixed or Multiple ethnic groups White and Black Caribbean,Mixed or Multiple ethnic groups Other Mixed or Multiple ethnic groups,White English Welsh Scottish Northern Irish or British,White Irish,White Gypsy or Irish Traveller,White Roma,White Other White,Other ethnic group Arab,Other ethnic group Any other ethnic group,region,icb22nm
E06000001,Hartlepool,278,217,335,297,473,327,57,61,240,115,143,173,87761,170,37,19,1081,270,284,,
E06000002,Middlesbrough,595,669,2804,8990,2032,3339,162,315,1110,650,570,671,114421,434,160,320,3212,1452,2016,,
E06000003,Redcar and Cleveland,158,208,175,283,336,182,48,35,460,215,270,240,131789,350,87,14,1148,321,211,,
E06000004,Stockton-on-Tees,236,690,1812,4875,1439,1823,130,250,1131,469,412,725,177526,528,145,143,2595,558,1106,,
E06000005,Darlington,759,308,1086,195,618,456,135,110,516,198,384,374,97320,342,434,104,3525,329,603,,
E06000006,Halton,58,418,375,125,460,293,84,134,461,342,530,458,120301,685,91,68,2831,241,523,,
E06000007,Warrington,197,1326,2347,1760,1324,1075,277,224,1204,593,785,753,185940,1366,115,167,9717,393,1410,,
E06000008,Blackburn with Darwen,1473,400,24389,27525,1391,1061,170,175,1329,231,368,668,87997,589,101,143,4562,841,1328,,
E06000009,Blackpool,442,542,892,572,1228,449,175,87,645,408,638,519,127445,808,236,207,4854,216,676,,
E06000010,Kingston upon Hull City of,1279,1234,1259,1292,2451,4292,232,541,1172,1144,948,1249,223962,455,451,286,19835,1443,3488,,
E06000011,East Riding of Yorkshire,129,766,1210,528,1053,617,173,104,1092,547,707,851,323838,1063,324,118,7819,368,908,,
E06000014,York,413,2889,1853,545,1934,978,208,139,1579,494,631,1037,176963,1317,368,222,9297,623,1331,,
E06000015,Derby,827,1416,12631,21034,4993,6110,3056,1316,2412,924,4178,2048,173077,1982,408,1163,16241,1032,6516,East Midlands,NHS Derby and Derbyshire Integrated Care Board
E06000016,Leicester,7055,2481,126421,12673,11347,21536,4466,2764,3659,1776,5025,3439,122395,1789,457,839,25177,3402,11870,East Midlands,NHS Leicester Leicestershire and Rutland Integrated Care Board
E06000017,Rutland,19,149,236,60,170,251,213,88,249,93,236,166,37372,265,86,18,1168,13,198,East Midlands,NHS Leicester Leicestershire and Rutland Integrated Care Board
E06000018,Nottingham,2223,4263,11515,21684,8532,18740,9339,4136,3363,2129,10129,3442,185580,2360,269,1130,24091,3673,7037,East Midlands,NHS Nottingham and Nottinghamshire Integrated Care Board
E06000019,Herefordshire County of,55,339,843,139,842,340,150,77,689,280,473,538,170419,727,431,161,9510,224,795,West Midlands,NHS Herefordshire and Worcestershire Integrated Care Board
E06000020,Telford and Wrekin,207,818,4559,3368,1115,3962,748,641,1315,676,2083,770,153936,723,203,187,8589,242,1401,West Midlands,NHS Shropshire Telford and Wrekin Integrated Care Board
E06000021,Stoke-on-Trent,1577,1073,2772,15579,4596,5048,916,920,1783,1020,2040,1017,202906,572,295,428,11498,690,3639,West Midlands,NHS Staffordshire and Stoke-on-Trent Integrated Care Board
E06000022,Bath and North East Somerset,359,2089,1787,278,1876,980,616,250,1846,595,1505,1310,165478,1427,71,218,11114,552,1058,,
E06000023,Bristol City of,2616,5466,8302,9064,5821,18149,6803,2938,5556,2621,7714,5225,338452,4288,273,966,39163,2540,6510,,
E06000024,North Somerset,433,725,1067,148,949,733,251,155,1191,497,1007,940,195915,1210,187,169,9948,247,957,,
E06000025,South Gloucestershire,581,2113,4867,1352,2181,2787,1219,528,1953,905,2711,1720,249160,1327,443,373,13553,751,1900,,
E06000026,Plymouth,537,1430,1403,389,2188,2022,460,304,1349,860,1108,1339,236802,1055,165,168,10537,677,1902,,
E06000027,Torbay,129,435,527,162,1001,264,135,48,679,288,581,536,128375,714,41,78,4714,136,481,,
E06000030,Swindon,1403,1156,17643,2025,4946,4149,1044,930,1694,1051,1972,1778,173231,1545,177,537,14652,344,3134,,
E06000031,Peterborough,442,990,7169,16972,5228,6225,1419,1107,2021,1627,1990,1979,128353,1177,551,938,31562,897,5023,,
E06000032,Luton,20630,901,12096,41143,8555,11774,8216,2745,2429,1268,3486,2437,71532,4570,238,808,24650,2106,5677,,
E06000033,Southend-on-Sea,1615,1170,2828,1765,2486,3590,839,724,1527,1045,1580,1401,147442,1569,106,241,8721,402,1634,,
E06000034,Thurrock,2502,997,3982,2145,2579,16171,2174,2532,1099,1115,1693,1345,116430,993,428,322,16811,369,2306,,
E06000035,Medway,1962,1273,7693,2125,3431,11266,2552,1905,2158,1394,2425,1882,218953,1866,749,469,13710,452,3508,,
E06000036,Bracknell Forest,219,828,3774,947,3111,2072,554,367,1337,565,970,971,96950,1038,161,164,8956,310,1311,,
E06000037,West Berkshire,398,801,3087,658,1046,1095,627,308,1274,501,1054,1028,138253,1404,190,158,8379,279,907,,
E06000038,Reading,1132,2694,10777,8279,7959,7665,3293,1574,2117,1249,3555,2041,93167,2040,107,573,20999,1282,3720,,
E06000039,Slough,910,594,30209,34317,8063,7815,2771,1406,1945,824,1854,1688,38101,1143,237,357,17296,1826,7144,,
E06000040,Windsor and Maidenhead,405,1329,9823,6177,2338,1433,628,297,2195,617,926,1500,105991,2176,287,197,13900,816,2462,,
E06000041,Wokingham,388,2392,12412,5241,2435,2914,864,528,2212,667,1304,1391,129087,1504,331,179,10750,948,1955,,
E06000042,Milton Keynes,3189,2913,15348,7163,7032,21502,2975,3374,2973,2551,2997,3204,178568,2382,156,578,24430,1349,4376,,
E06000043,Brighton and Hove,1729,3065,3633,929,3861,3949,988,521,4198,2334,2410,4286,204831,3944,197,787,26812,3049,5580,,
E06000044,Portsmouth,4742,2116,3104,603,3805,5369,950,751,1540,1244,1176,1527,161664,1066,118,324,14105,1007,2790,,
E06000045,Southampton,2064,4149,9169,4248,6784,5627,1103,809,2444,1535,2173,2157,169481,1643,340,578,28787,1311,4518,,
E06000046,Isle of Wight,153,250,316,98,846,296,128,54,584,207,497,432,131697,830,67,75,3550,88,291,,
E06000047,County Durham,300,2838,2148,730,1818,1202,284,254,1962,914,906,1167,494638,1384,798,157,8494,825,1248,,
E06000049,Cheshire East,626,1543,3480,1437,2445,1472,608,342,2473,884,1952,1750,357337,2559,345,418,15884,709,2508,,
E06000050,Cheshire West and Chester,742,1337,2338,656,2158,1515,373,219,1961,904,1181,1245,325620,2651,354,221,11515,595,1564,,
E06000051,Shropshire,237,909,1614,443,1121,576,300,241,1259,400,1126,1076,301918,1506,349,158,8945,386,1043,West Midlands,NHS Shropshire Telford and Wrekin Integrated Care Board
E06000052,Cornwall,319,1033,784,233,1663,574,302,182,2446,895,1693,1996,533882,2455,717,289,14787,298,5757,,
E06000053,Isles of Scilly,,1,,,5,2,2,,8,8,2,5,1926,9,1,,68,,18,,
E06000054,Wiltshire,934,1494,2810,396,5242,2984,1589,1213,2703,1161,2479,2366,459594,2591,711,260,18257,637,2912,,
E06000055,Bedford,4486,756,10074,5297,2650,5448,3227,1173,2146,939,3638,1863,118779,1798,208,483,18906,557,2796,,
E06000056,Central Bedfordshire,572,1368,4684,1312,2385,3942,2148,928,2572,1095,3121,2097,245769,3527,436,297,15516,493,1989,,
E06000057,Northumberland,302,521,1183,514,854,400,124,74,1033,440,456,628,308015,910,176,62,3864,268,742,,
E06000058,Bournemouth Christchurch and Poole,1219,2569,4678,596,4489,2833,917,483,3213,1839,2660,3381,329609,2611,489,864,31937,1371,4437,,
E06000059,Dorset,463,815,926,242,1859,605,296,181,1635,601,1011,1189,356270,1917,580,161,9487,223,1119,,
E06000060,Buckinghamshire,1673,3010,24181,29546,9908,6811,5668,1790,6744,1902,5940,4984,401489,6370,623,550,33132,1561,7196,,
E06000061,North Northamptonshire,1104,1005,7325,1029,2263,6889,2473,1655,1926,1320,3024,1905,289274,2590,365,736,31699,338,2603,East Midlands,NHS Northamptonshire Integrated Care Board
E06000062,West Northamptonshire,4660,1892,9661,2916,3334,14304,3647,2710,2720,1797,4619,2980,319509,3872,340,1409,40628,685,4040,East Midlands,NHS Northamptonshire Integrated Care Board
E07000008,Cambridge,2874,6362,5916,1500,4974,2519,639,403,2987,1010,1152,2261,77195,1885,110,885,28495,1141,3366,,
E07000009,East Cambridgeshire,118,344,537,147,542,460,119,126,618,312,327,626,75897,664,265,118,5968,87,488,,
E07000010,Fenland,72,245,387,85,443,455,223,136,382,220,416,394,88028,434,593,167,9058,47,676,,
E07000011,Huntingdonshire,417,687,1779,1261,1601,1766,483,397,1220,636,1010,1191,154089,1255,272,128,11372,167,1101,,
E07000012,South Cambridgeshire,420,1956,4205,857,1961,1431,341,247,1832,600,788,1371,128985,1447,478,175,13200,414,1409,,
E07000026,Allerdale,43,139,103,34,221,59,19,6,241,74,137,175,92981,241,53,33,1359,38,197,,
E07000027,Barrow-in-Furness,59,227,240,54,369,223,14,13,227,67,115,141,64485,179,21,17,710,85,160,,
E07000028,Carlisle,179,365,430,133,521,273,42,22,348,186,161,278,102004,437,188,84,3795,197,382,,
E07000029,Copeland,56,122,123,51,195,141,34,10,175,59,99,117,64851,163,23,11,666,61,119,,
E07000030,Eden,78,86,133,21,117,50,27,10,134,45,69,120,51891,203,49,30,1526,20,128,,
E07000031,South Lakeland,31,192,165,63,361,120,102,29,363,159,214,298,97960,446,34,73,3512,60,268,,
E07000032,Amber Valley,37,282,496,112,281,180,149,52,467,169,619,293,119934,453,66,35,2279,26,274,East Midlands,NHS Derby and Derbyshire Integrated Care Board
E07000033,Bolsover,12,152,266,86,206,246,111,62,190,102,288,164,74852,198,96,34,2963,42,200,East Midlands,NHS Derby and Derbyshire Integrated Care Board
E07000034,Chesterfield,75,363,679,416,417,444,260,135,363,185,594,356,96392,415,30,38,1982,83,341,East Midlands,NHS Derby and Derbyshire Integrated Care Board
E07000035,Derbyshire Dales,10,117,160,100,131,57,71,41,290,77,172,184,68326,355,38,9,1212,47,138,East Midlands,NHS Derby and Derbyshire Integrated Care Board
E07000036,Erewash,44,320,921,149,354,347,405,119,518,198,979,353,104400,532,38,60,2739,62,370,East Midlands,NHS Derby and Derbyshire Integrated Care Board
E07000037,High Peak,7,221,140,77,249,119,70,34,377,163,346,299,86183,639,20,12,1760,30,189,East Midlands,NHS Derby and Derbyshire Integrated Care Board
E07000038,North East Derbyshire,20,216,327,110,279,170,107,47,372,141,421,236,97657,306,45,15,1344,23,167,East Midlands,NHS Derby and Derbyshire Integrated Care Board
E07000039,South Derbyshire,29,287,2630,401,494,465,294,96,616,189,786,343,96634,437,72,50,2643,88,652,East Midlands,NHS Derby and Derbyshire Integrated Care Board
E07000040,East Devon,181,304,273,28,673,202,99,47,624,223,387,486,142011,710,147,56,3923,89,360,,
E07000041,Exeter,513,2020,1588,274,1980,893,137,107,1305,484,503,1016,108095,875,100,181,8783,802,1051,,
E07000042,Mid Devon,24,182,168,15,173,63,22,16,319,122,194,264,77699,326,142,47,2854,33,190,,
E07000043,North Devon,87,191,324,90,443,179,80,66,417,136,297,324,92944,387,58,54,2196,82,257,,
E07000044,South Hams,34,158,175,35,212,71,61,17,413,107,210,318,83481,456,81,51,2358,147,243,,
E07000045,Teignbridge,111,251,190,34,418,136,51,29,568,190,313,493,127937,575,131,39,2986,68,282,,
E07000046,Torridge,12,110,66,13,155,31,31,13,250,65,149,166,65452,288,54,16,1110,19,114,,
E07000047,West Devon,18,97,70,10,142,68,26,28,223,66,113,224,54196,271,40,34,1306,44,118,,
E07000061,Eastbourne,466,550,906,170,1452,883,259,166,812,508,659,823,83465,960,77,136,7704,445,1239,,
E07000062,Hastings,343,366,595,125,1107,782,304,176,724,404,758,753,77418,780,128,164,4701,330,1037,,
E07000063,Lewes,249,376,482,98,694,436,182,104,795,405,531,730,88830,811,100,67,4293,186,540,,
E07000064,Rother,118,265,427,27,553,344,163,54,568,265,421,448,85362,782,168,47,2634,126,342,,
E07000065,Wealden,246,437,712,83,772,371,196,79,1060,389,524,736,146968,1092,397,104,5248,158,580,,
E07000066,Basildon,729,735,3855,864,1812,6402,1279,1232,1143,892,1733,1170,154045,1227,237,281,8326,243,1362,,
E07000067,Braintree,221,365,834,229,917,1205,442,242,880,437,844,853,140283,1085,161,67,5385,106,709,,
E07000068,Brentwood,293,510,2015,267,828,1164,368,215,809,321,633,605,63696,1008,95,77,3318,166,660,,
E07000069,Castle Point,189,264,541,164,392,827,190,162,419,155,512,360,82997,528,31,32,1393,32,394,,
E07000070,Chelmsford,841,1133,4728,1124,1820,3373,796,587,1438,722,1354,1210,150758,1536,255,147,8005,384,1312,,
E07000071,Colchester,767,1834,3027,743,3536,4904,961,796,1659,982,1428,1533,155488,1192,175,244,10602,731,2114,,
E07000072,Epping Forest,703,785,4712,1930,1548,1941,1438,553,1306,588,1481,1521,101994,1657,142,160,9516,330,2675,,
E07000073,Harlow,740,817,1613,1197,1188,4156,909,762,623,587,1051,787,67993,743,182,193,8103,301,1385,,
E07000074,Maldon,143,127,224,36,211,119,76,41,328,107,230,232,62268,439,176,44,1202,16,192,,
E07000075,Rochford,77,266,439,97,306,402,140,91,493,198,431,310,80339,462,104,31,1180,36,260,,
E07000076,Tendring,131,505,462,88,608,454,323,133,605,361,884,543,138604,1142,110,36,2764,75,465,,
E07000077,Uttlesford,170,273,572,128,579,377,207,125,731,262,498,525,81245,844,105,83,4019,79,522,,
E07000078,Cheltenham,480,864,2005,292,1281,813,217,151,1139,390,641,779,98932,1031,80,158,8358,322,903,,
E07000079,Cotswold,56,235,387,52,465,261,78,63,493,171,288,441,83545,635,71,57,3202,33,297,,
E07000080,Forest of Dean,16,151,139,35,284,117,82,43,303,135,257,230,82401,314,103,63,1988,27,316,,
E07000081,Gloucester,802,497,4481,1160,1603,2149,1912,765,869,569,2694,882,103317,800,224,296,7824,332,1238,,
E07000082,Stroud,99,236,440,65,416,257,186,85,786,259,579,547,111896,711,126,59,3909,77,371,,
E07000083,Tewkesbury,111,229,798,112,674,341,151,103,531,192,591,385,85720,537,360,81,3508,73,385,,
E07000084,Basingstoke and Deane,480,1057,4745,709,3976,2514,680,417,1454,711,1461,1091,151572,1330,223,237,10478,344,1675,,
E07000085,East Hampshire,199,365,612,223,971,446,134,78,868,258,363,590,113814,749,278,83,5069,96,546,,
E07000086,Eastleigh,372,865,2634,367,1018,949,179,172,1076,469,575,697,120242,633,198,97,4913,199,789,,
E07000087,Fareham,143,562,834,121,454,403,181,86,704,231,343,449,106212,484,109,58,2636,107,395,,
E07000088,Gosport,92,312,337,23,405,439,405,140,342,190,319,359,75763,310,42,29,1992,49,401,,
E07000089,Hart,161,519,1318,217,1380,514,225,104,919,299,408,605,86414,769,246,78,4445,120,663,,
E07000090,Havant,178,424,905,73,527,463,155,132,557,372,352,438,115732,485,69,49,2792,108,399,,
E07000091,New Forest,176,435,577,72,843,399,162,142,801,327,478,609,163847,833,480,115,4843,87,556,,
E07000092,Rushmoor,297,507,2105,1223,10526,1448,652,431,829,412,707,630,70917,658,190,108,5346,180,2593,,
E07000093,Test Valley,248,676,1666,337,1357,974,241,243,835,378,454,645,114873,607,170,89,5718,188,792,,
E07000094,Winchester,271,793,1102,206,1545,499,199,94,1111,316,409,754,112304,902,374,87,5638,186,654,,
E07000095,Broxbourne,316,420,1391,322,1208,3802,1966,820,749,451,1309,1421,67891,1310,155,183,10762,204,4327,,
E07000096,Dacorum,461,757,3397,2588,1745,2822,1023,566,1687,697,1536,1346,122107,2102,194,202,9997,396,1458,,
E07000098,Hertsmere,381,1059,6660,787,2433,3713,890,578,1240,508,948,1342,68032,2155,167,282,12509,363,3780,,
E07000099,North Hertfordshire,581,709,3811,536,1319,1458,1331,446,1455,509,1820,1129,108298,1684,39,81,6518,291,1195,,
E07000102,Three Rivers,227,712,10166,1176,1984,1235,746,252,1346,343,768,933,63706,1977,86,90,6457,296,1272,,
E07000103,Watford,493,1024,9954,8197,5369,3954,1733,801,1408,692,1300,1444,46820,2149,80,343,12836,763,2885,,
E07000105,Ashford,336,578,1720,404,4630,2504,572,348,898,438,775,766,109673,776,686,79,5682,298,1584,,
E07000106,Canterbury,431,1357,1994,541,2054,2928,647,331,1408,661,983,1264,129887,1311,391,190,8694,675,1682,,
E07000107,Dartford,1052,1165,5123,760,3413,9812,1141,1329,980,723,1004,931,78557,812,309,158,7100,254,2131,,
E07000108,Dover,162,303,550,41,1346,546,176,115,546,297,411,500,105111,648,247,243,4170,136,863,,
E07000109,Gravesham,690,352,8136,843,1978,5235,847,870,791,535,787,715,73030,699,320,351,7493,127,3103,,
E07000110,Maidstone,649,655,2145,568,4196,2567,643,396,1316,611,978,1108,144114,994,1009,273,11474,249,1836,,
E07000111,Sevenoaks,236,765,1326,252,905,1332,370,230,1347,337,655,842,103116,1085,460,72,6272,158,755,,
E07000112,Folkestone and Hythe,196,358,490,214,3013,385,203,94,676,303,554,575,96590,765,146,137,3976,119,965,,
E07000113,Swale,406,328,776,146,656,2541,452,494,757,415,814,755,134385,855,925,177,5999,127,669,,
E07000114,Thanet,254,448,941,272,1344,859,453,169,894,591,1042,893,122796,1145,185,380,6213,247,1461,,
E07000115,Tonbridge and Malling,376,665,1547,289,999,873,278,163,1041,416,670,816,116787,849,462,75,5114,169,612,,
E07000116,Tunbridge Wells,548,681,1692,367,1278,828,174,129,1285,368,478,818,97049,913,333,119,7148,247,859,,
E07000117,Burnley,2737,164,378,10102,549,180,95,51,826,165,191,323,73752,457,83,106,3714,157,621,,
E07000118,Chorley,119,307,747,767,264,308,247,98,520,236,649,368,109449,630,57,58,2394,236,279,,
E07000119,Fylde,75,242,383,174,299,189,66,76,396,173,299,290,75793,548,49,55,1887,97,284,,
E07000120,Hyndburn,455,137,363,10825,621,160,40,24,573,119,188,211,65471,365,86,44,2018,167,370,,
E07000121,Lancaster,355,1597,1629,613,961,1019,125,71,823,341,424,616,125552,802,309,90,6310,477,825,,
E07000122,Pendle,302,161,242,24502,366,174,51,19,885,95,231,277,63320,342,97,126,3692,235,641,,
E07000123,Preston,758,707,19047,7554,1749,2355,827,307,1321,506,1759,781,97715,923,114,248,8321,1157,1685,,
E07000124,Ribble Valley,24,139,385,581,136,76,35,14,323,123,125,165,57916,340,7,15,978,51,132,,
E07000125,Rossendale,1587,209,226,1632,222,89,58,25,425,153,265,200,64073,509,28,14,886,77,190,,
E07000126,South Ribble,59,327,1165,422,334,266,209,64,632,237,750,289,103089,617,25,56,2132,96,266,,
E07000127,West Lancashire,36,264,447,119,366,245,100,43,509,312,342,384,108998,657,29,71,4040,148,319,,
E07000128,Wyre,45,330,221,103,410,167,69,37,367,202,302,264,107171,487,71,31,1379,105,185,,
E07000129,Blaby,59,518,6870,418,632,980,440,174,857,267,1051,590,84746,561,90,55,3301,177,1138,East Midlands,NHS Leicester Leicestershire and Rutland Integrated Care Board
E07000130,Charnwood,2677,1760,15735,654,2027,2081,518,241,1721,529,1355,1055,143345,1038,70,165,6841,609,1549,East Midlands,NHS Leicester Leicestershire and Rutland Integrated Care Board
E07000131,Harborough,68,233,4250,279,468,411,201,87,762,182,602,457,85474,554,193,22,2608,81,691,East Midlands,NHS Leicester Leicestershire and Rutland Integrated Care Board
E07000132,Hinckley and Bosworth,85,386,2018,221,437,423,187,82,681,215,638,456,103225,554,80,48,3273,93,539,East Midlands,NHS Leicester Leicestershire and Rutland Integrated Care Board
E07000133,Melton,22,115,306,13,143,103,67,22,239,76,206,138,48064,269,25,17,1767,35,125,East Midlands,NHS Leicester Leicestershire and Rutland Integrated Care Board
E07000134,North West Leicestershire,14,234,784,68,443,423,144,75,576,174,530,312,96430,454,129,63,3373,65,416,East Midlands,NHS Leicester Leicestershire and Rutland Integrated Care Board
E07000135,Oadby and Wigston,315,325,12189,2282,1020,725,394,135,730,194,541,408,34512,360,10,18,1692,382,1515,East Midlands,NHS Leicester Leicestershire and Rutland Integrated Care Board
E07000136,Boston,67,111,606,317,342,357,57,53,261,176,283,295,52540,161,142,193,13697,119,728,East Midlands,NHS Lincolnshire Integrated Care Board
E07000137,East Lindsey,109,271,282,112,360,148,108,36,455,160,552,317,136036,476,123,51,2414,54,231,East Midlands,NHS Lincolnshire Integrated Care Board
E07000138,Lincoln,322,788,788,302,1147,1094,236,136,657,373,470,568,85891,652,145,159,8818,320,948,East Midlands,NHS Lincolnshire Integrated Care Board
E07000139,North Kesteven,85,286,370,92,327,239,104,73,450,218,373,327,111304,510,57,28,2830,92,307,East Midlands,NHS Lincolnshire Integrated Care Board
E07000140,South Holland,66,205,467,66,372,324,118,75,343,219,327,336,80244,274,168,173,10764,50,531,East Midlands,NHS Lincolnshire Integrated Care Board
E07000141,South Kesteven,67,504,865,236,857,552,222,101,590,318,531,512,129741,681,107,70,6822,97,532,East Midlands,NHS Lincolnshire Integrated Care Board
E07000142,West Lindsey,17,186,547,118,268,183,106,44,358,169,321,233,89964,372,216,18,1691,88,254,East Midlands,NHS Lincolnshire Integrated Care Board
E07000143,Breckland,120,254,342,105,519,387,233,200,482,456,515,598,125516,654,204,145,9938,32,777,,
E07000144,Broadland,179,436,554,69,593,474,95,115,665,395,304,478,123265,513,60,41,2990,97,400,,
E07000145,Great Yarmouth,64,246,786,121,719,857,105,142,374,424,354,423,88663,352,135,114,5097,75,699,,
E07000146,King's Lynn and West Norfolk,103,400,1238,166,979,518,143,182,526,429,450,617,136966,655,417,139,9386,152,860,,
E07000147,North Norfolk,23,151,110,14,267,96,59,28,310,172,247,249,98403,471,86,32,2015,27,218,,
E07000148,Norwich,839,1627,2570,528,2303,2807,395,376,1287,966,939,1327,111623,885,214,214,12485,900,1639,,
E07000149,South Norfolk,150,552,977,133,750,866,163,135,745,369,391,589,130292,519,150,72,4441,145,509,,
E07000163,Craven,18,96,205,500,153,47,22,18,208,85,128,148,53690,244,48,12,1149,33,123,,
E07000164,Hambleton,21,145,190,65,243,122,56,66,283,104,149,205,86678,353,111,15,1607,67,212,,
E07000165,Harrogate,70,757,913,225,982,688,211,137,997,337,530,709,147479,976,83,105,6601,170,698,,
E07000166,Richmondshire,9,46,68,24,1199,167,132,141,150,81,103,128,46027,196,33,12,721,38,506,,
E07000167,Ryedale,20,93,52,42,118,62,19,12,132,89,73,130,51963,236,59,25,1418,32,132,,
E07000168,Scarborough,187,222,357,143,463,268,44,19,404,164,223,278,101848,316,60,136,3100,128,376,,
E07000169,Selby,6,215,246,38,189,140,52,36,322,122,230,210,86380,360,156,43,2915,94,234,,
E07000170,Ashfield,56,356,873,209,474,959,395,221,449,267,956,387,115972,313,67,54,3741,100,450,East Midlands,NHS Nottingham and Nottinghamshire Integrated Care Board
E07000171,Bassetlaw,40,237,522,208,448,378,202,156,385,176,505,339,108338,317,135,67,4763,95,492,,
E07000172,Broxtowe,112,1289,2390,1232,1129,1129,522,216,803,284,1179,553,93718,653,26,63,4176,498,968,East Midlands,NHS Nottingham and Nottinghamshire Integrated Care Board
E07000173,Gedling,106,472,1755,1451,748,1026,1263,386,859,351,2143,777,100367,887,28,55,3581,186,823,East Midlands,NHS Nottingham and Nottinghamshire Integrated Care Board
E07000174,Mansfield,338,337,839,250,470,755,263,156,345,219,650,330,96475,387,89,182,7579,186,632,East Midlands,NHS Nottingham and Nottinghamshire Integrated Care Board
E07000175,Newark and Sherwood,107,300,496,165,343,431,225,148,535,218,695,396,111939,569,342,103,5413,123,411,East Midlands,NHS Nottingham and Nottinghamshire Integrated Care Board
E07000176,Rushcliffe,129,900,3471,1498,777,574,398,123,1226,291,1075,711,102479,893,45,43,3367,369,708,East Midlands,NHS Nottingham and Nottinghamshire Integrated Care Board
E07000177,Cherwell,288,1411,2795,3153,2059,1731,690,424,1438,730,1225,1221,125422,1245,178,354,14632,376,1643,,
E07000178,Oxford,2025,4479,6005,6619,5863,5060,1629,846,3197,1072,1916,2820,86672,2351,62,501,24975,1449,4499,,
E07000179,South Oxfordshire,249,672,1645,436,1261,900,345,222,1289,396,791,926,127890,1313,106,138,9338,209,962,,
E07000180,Vale of White Horse,257,1283,1587,650,1713,1450,503,362,1266,435,734,1017,115517,1146,119,131,9191,350,1202,,
E07000181,West Oxfordshire,211,404,498,134,689,475,160,87,818,294,478,551,101648,851,187,105,5982,133,531,,
E07000187,Mendip,86,402,317,36,457,230,90,49,643,237,350,436,106608,756,240,87,4660,44,361,,
E07000188,Sedgemoor,188,246,725,62,585,249,90,84,493,258,297,383,114340,494,185,128,5938,75,521,,
E07000189,South Somerset,178,335,808,132,877,555,157,104,602,386,451,584,158325,653,197,141,7513,112,560,,
E07000192,Cannock Chase,68,246,498,118,278,194,212,66,346,113,732,231,95019,315,33,30,1734,27,263,West Midlands,NHS Staffordshire and Stoke-on-Trent Integrated Care Board
E07000193,East Staffordshire,208,351,1084,8638,1271,713,487,176,867,201,1190,465,97019,524,102,214,9192,190,1129,West Midlands,NHS Staffordshire and Stoke-on-Trent Integrated Care Board
E07000194,Lichfield,163,315,1477,231,310,201,316,84,608,169,795,415,97952,663,29,42,2231,50,385,West Midlands,NHS Staffordshire and Stoke-on-Trent Integrated Care Board
E07000195,Newcastle-under-Lyme,273,639,1707,947,1076,931,227,131,672,248,659,409,110947,365,71,61,3079,197,660,West Midlands,NHS Staffordshire and Stoke-on-Trent Integrated Care Board
E07000196,South Staffordshire,59,189,2121,435,304,307,547,177,615,120,1174,333,101832,483,192,29,1034,60,464,West Midlands,NHS Staffordshire and Stoke-on-Trent Integrated Care Board
E07000197,Stafford,144,474,1856,518,1173,715,510,215,677,248,1106,521,123203,699,113,69,3721,224,684,West Midlands,NHS Staffordshire and Stoke-on-Trent Integrated Care Board
E07000198,Staffordshire Moorlands,11,122,199,100,226,78,90,20,308,89,307,198,92567,254,53,13,1044,27,138,West Midlands,NHS Staffordshire and Stoke-on-Trent Integrated Care Board
E07000199,Tamworth,38,201,506,103,233,151,257,84,369,119,756,228,71456,449,17,110,3277,56,232,West Midlands,NHS Staffordshire and Stoke-on-Trent Integrated Care Board
E07000200,Babergh,107,177,234,37,320,287,124,92,382,210,383,376,86418,481,40,26,2304,37,307,,
E07000202,Ipswich,2015,749,2366,376,2105,2483,1508,891,820,1151,3016,1422,104208,587,356,663,11943,357,2627,,
E07000203,Mid Suffolk,36,176,204,33,372,274,166,113,365,200,480,418,96581,442,93,27,2320,44,357,,
E07000207,Elmbridge,630,1415,3539,919,2549,1135,388,207,2372,681,854,1781,102867,2326,149,177,13981,884,1901,,
E07000208,Epsom and Ewell,528,1293,3189,1474,2749,970,353,246,1416,401,601,1132,56136,1190,81,139,6766,721,1552,,
E07000209,Guildford,476,2315,2873,921,3045,1531,357,262,1773,615,710,1288,111076,1292,467,235,11718,731,1962,,
E07000210,Mole Valley,243,459,868,247,820,450,170,86,878,227,417,672,74983,948,99,53,4963,229,575,,
E07000211,Reigate and Banstead,887,950,4637,2029,2880,2878,1000,537,1895,745,1268,1633,115949,1724,278,145,9238,457,1716,,
E07000212,Runnymede,406,961,4030,837,1906,1092,358,141,1192,402,574,945,63965,1131,371,187,7903,461,1217,,
E07000213,Spelthorne,433,799,7559,1670,2685,1711,583,254,1489,482,718,1074,71261,1321,277,214,7927,528,1975,,
E07000214,Surrey Heath,474,592,2941,1290,2760,953,292,183,963,263,476,758,70473,837,201,95,5295,360,1250,,
E07000215,Tandridge,223,460,1300,346,942,931,750,248,1137,359,918,917,73343,998,331,42,3870,96,666,,
E07000216,Waverley,246,801,796,830,952,588,194,105,1324,314,438,770,111321,1294,257,83,7133,145,635,,
E07000217,Woking,685,990,3358,7325,2383,1331,323,225,1470,480,604,1060,69911,1050,91,301,10176,641,1539,,
E07000218,North Warwickshire,11,89,463,125,156,113,196,55,268,101,542,202,60598,475,19,55,1367,32,169,West Midlands,NHS Coventry and Warwickshire Integrated Care Board
E07000219,Nuneaton and Bedworth,121,357,7154,940,2210,1622,492,332,694,270,1066,419,109807,697,95,127,6213,169,1413,West Midlands,NHS Coventry and Warwickshire Integrated Care Board
E07000220,Rugby,299,787,5322,963,1357,1897,793,420,987,408,1170,637,85684,1071,73,207,10978,149,1161,West Midlands,NHS Coventry and Warwickshire Integrated Care Board
E07000221,Stratford-on-Avon,39,426,1239,245,617,242,180,60,922,245,584,537,121330,1183,146,94,5919,130,586,West Midlands,NHS Coventry and Warwickshire Integrated Care Board
E07000222,Warwick,132,1456,10112,883,1820,1000,445,171,1745,450,1166,1118,112650,2114,55,167,10548,302,2120,West Midlands,NHS Coventry and Warwickshire Integrated Care Board
E07000223,Adur,369,269,303,89,365,359,110,61,535,316,306,470,57390,488,105,53,2258,208,489,,
E07000224,Arun,523,433,727,108,839,500,221,136,784,420,580,700,146178,1018,216,159,10431,121,793,,
E07000225,Chichester,176,413,624,61,894,453,218,112,720,293,450,584,111822,862,294,93,5333,147,522,,
E07000226,Crawley,626,563,7335,6122,3590,3296,683,1352,1291,1002,1083,1462,73178,831,103,337,12490,675,2473,,
E07000227,Horsham,263,634,1417,401,1259,895,256,161,1160,399,571,1000,129348,1163,233,100,6598,209,709,,
E07000228,Mid Sussex,599,588,2489,279,1550,871,309,157,1597,555,634,1041,130971,1456,175,150,7972,209,964,,
E07000229,Worthing,727,572,1097,268,1723,893,250,138,981,533,548,792,94680,942,82,194,5811,246,861,,
E07000234,Bromsgrove,64,410,1854,405,426,278,375,113,783,141,1022,468,89676,986,85,9,1553,124,411,West Midlands,NHS Herefordshire and Worcestershire Integrated Care Board
E07000235,Malvern Hills,59,295,300,121,276,162,68,32,470,160,252,237,74197,391,195,14,1982,48,228,West Midlands,NHS Herefordshire and Worcestershire Integrated Care Board
E07000236,Redditch,226,236,1042,3148,343,335,550,169,498,120,1330,335,71742,539,53,57,5782,64,465,West Midlands,NHS Herefordshire and Worcestershire Integrated Care Board
E07000237,Worcester,542,388,1336,2578,1016,836,241,135,716,425,628,514,85868,566,95,132,6817,160,876,West Midlands,NHS Herefordshire and Worcestershire Integrated Care Board
E07000238,Wychavon,75,221,607,163,444,192,192,77,546,158,481,415,120048,624,637,148,6868,96,503,West Midlands,NHS Herefordshire and Worcestershire Integrated Care Board
E07000239,Wyre Forest,748,244,437,140,370,159,169,67,467,113,606,284,93961,475,451,49,2487,64,318,West Midlands,NHS Herefordshire and Worcestershire Integrated Care Board
E07000240,St Albans,3107,1625,3856,1619,1969,1821,905,433,2556,650,1306,1842,108962,2976,142,149,11636,880,1735,,
E07000241,Welwyn Hatfield,598,1324,5211,1198,2264,5553,1069,685,1353,863,1337,1378,80551,1569,267,264,11647,534,2170,,
E07000242,East Hertfordshire,366,786,1442,390,1035,1206,496,249,1427,489,1122,1207,127245,1855,145,283,9059,258,1099,,
E07000243,Stevenage,800,536,2546,952,1866,2991,799,550,769,503,1193,751,67394,970,72,96,5567,266,877,,
E07000244,East Suffolk,283,740,1034,261,1129,712,422,223,1072,579,1054,1002,229063,1095,146,77,6246,112,810,,
E07000245,West Suffolk,286,600,1442,493,1910,1312,561,1000,1169,840,899,1972,147935,1387,268,195,15371,234,2074,,
E07000246,Somerset West and Taunton,230,680,1097,101,1116,623,120,84,710,334,464,511,142560,727,186,150,6960,145,649,,
E08000001,Bolton,985,1123,26238,27897,3353,9299,603,1336,2338,1242,1737,1326,203486,1430,519,373,7133,1812,3730,,
E08000002,Bury,480,1055,1866,15148,2044,2520,701,469,1670,746,1622,1085,151528,2192,132,134,6730,715,3014,,
E08000003,Manchester,9673,12644,14857,65875,12060,47858,10472,7563,6149,5992,9987,6898,268572,9442,597,883,34138,15028,13250,,
E08000004,Oldham,21754,819,1676,32802,2514,6065,876,1268,1829,1043,2353,900,157914,1279,177,549,4978,521,2770,,
E08000005,Rochdale,5170,867,1190,30525,3654,6476,440,1011,1736,1210,1303,1035,156669,1735,194,163,6724,815,2854,,
E08000006,Salford,803,3319,3744,4074,2998,13477,1338,1658,1844,2098,2596,1963,199614,2882,295,515,18942,3214,4548,,
E08000007,Stockport,963,2306,4433,10953,2809,2030,896,490,2359,1236,2215,1858,245831,4174,90,132,7303,1509,3183,,
E08000008,Tameside,5842,1402,3737,8966,1251,4115,612,548,1344,859,1854,906,190305,1536,112,100,5623,540,1418,,
E08000009,Trafford,634,4813,10208,11479,2454,3636,3442,1008,2443,1068,3091,2232,169550,4884,46,134,8147,2457,3327,,
E08000010,Wigan,156,1234,1532,1342,1562,3081,331,495,1293,885,1148,1027,302482,1353,247,291,8579,711,1581,,
E08000011,Knowsley,32,630,936,186,726,964,130,170,577,653,740,688,142698,855,24,112,3545,289,563,,
E08000012,Liverpool,1917,8841,6251,3673,7085,12709,1493,2762,3662,4157,4127,4934,375785,6826,501,1169,24162,8312,7722,,
E08000013,St. Helens,172,660,557,238,952,558,103,115,597,417,466,491,171546,945,145,67,4185,377,657,,
E08000014,Sefton,423,1216,1009,262,1384,1006,308,195,1225,821,893,1117,256327,2241,47,220,8705,523,1311,,
E08000015,Wirral,1319,1847,1933,364,1839,854,330,205,1605,973,1054,1298,295967,2641,46,128,5910,585,1301,,
E08000016,Barnsley,39,542,504,368,844,1311,163,241,605,394,754,540,226488,526,229,314,9377,215,1118,,
E08000017,Doncaster,190,1031,2279,3150,2436,2527,672,543,1197,716,1805,885,266879,999,856,687,17534,424,3294,,
E08000018,Rotherham,123,756,1312,10001,1984,2260,336,420,1300,583,1183,788,234613,655,227,699,5760,778,2028,,
E08000019,Sheffield,4258,7393,6798,27671,7440,18237,4647,2628,5214,2431,7524,4535,414698,2750,341,2456,19971,8956,8575,,
E08000021,Newcastle upon Tyne,7248,5382,7304,8753,5441,8555,340,1026,2600,1378,915,2027,223567,1895,332,1031,13177,4175,4981,,
E08000022,North Tyneside,1009,1225,1539,528,1095,1020,102,159,1013,663,501,702,193303,797,54,114,3940,350,854,,
E08000023,South Tyneside,2185,299,703,495,635,606,78,102,655,401,266,673,137429,353,56,46,1599,514,682,,
E08000024,Sunderland,2908,937,1906,685,1768,2304,133,228,897,536,438,634,254655,511,228,110,3871,417,1007,,
E08000025,Birmingham,48232,12487,66519,195102,33044,66822,44718,14220,13130,4680,25119,12276,491211,16964,686,1833,45914,19196,32769,West Midlands,NHS Birmingham and Solihull Integrated Care Board
E08000026,Coventry,4257,4571,32096,12658,10333,24109,3459,3155,3182,1663,4597,2289,190889,5662,294,1116,28285,2482,10224,West Midlands,NHS Coventry and Warwickshire Integrated Care Board
E08000027,Dudley,619,1005,7812,14906,2705,3499,3625,1046,2254,482,5133,1322,266564,1114,428,194,6296,2026,2458,West Midlands,NHS Black Country Integrated Care Board
E08000028,Sandwell,11074,1204,44378,22148,9220,12668,13103,4008,3274,928,8030,2448,177929,1591,324,375,15405,2016,11709,West Midlands,NHS Black Country Integrated Care Board
E08000029,Solihull,1077,1758,11344,7608,2058,1346,2033,576,2073,423,3695,1305,168398,3919,74,57,5220,888,2388,West Midlands,NHS Birmingham and Solihull Integrated Care Board
E08000030,Walsall,6378,891,22726,19739,3465,6439,4889,1696,2386,620,4834,1477,191529,1070,356,220,9549,509,5353,West Midlands,NHS Black Country Integrated Care Board
E08000031,Wolverhampton,531,802,42052,6676,5840,11158,9905,3573,2573,939,8495,2058,144303,1170,255,451,13528,966,8451,West Midlands,NHS Black Country Integrated Care Board
E08000032,Bradford,12403,1345,14429,139553,7934,7061,2614,1303,6458,1196,4426,2926,309912,2139,849,1583,19521,2734,8026,,
E08000033,Calderdale,681,415,1861,17637,1132,847,400,192,1458,372,1348,849,170983,1564,136,247,4906,327,1276,,
E08000034,Kirklees,1065,1526,22739,54795,4077,4180,4324,1444,3980,1035,6433,2140,305579,2335,168,314,10573,1915,4591,,
E08000035,Leeds,5876,8117,21087,31405,12018,32211,7889,5276,7410,4294,10028,5656,595737,6892,878,1610,36684,5980,12905,,
E08000036,Wakefield,74,1113,2291,7107,2048,3589,361,566,1708,859,1338,1033,311634,963,280,228,15637,559,1982,,
E08000037,Gateshead,379,1146,1027,944,1429,1852,109,253,872,547,384,590,177131,710,115,256,5277,926,2202,,
E09000001,City of London,287,545,321,33,259,153,54,25,179,49,53,189,3649,185,,59,2062,114,368,,
E09000002,Barking and Dagenham,22393,1385,11503,15799,5503,35101,5824,5882,1550,2376,2974,2420,67550,1185,184,858,28498,1489,6397,,
E09000003,Barnet,2873,9434,30389,6687,25589,22670,4951,3030,6032,3747,3505,7605,140777,7644,179,1554,74608,7383,30687,,
E09000004,Bexley,1790,3990,10925,1383,6346,23262,3230,3583,2179,1726,2489,2346,158842,2528,620,302,14872,527,5535,,
E09000005,Brent,2186,3393,66157,15217,24562,31070,21258,7167,3607,3184,3775,6683,51611,9314,237,2520,54019,17924,15937,,
E09000006,Bromley,1748,5075,12326,1784,6374,13193,8169,3787,4747,2431,5489,5073,219493,4954,578,551,26719,1203,6297,,
E09000007,Camden,14356,6728,6952,1610,8396,14191,2703,1998,4243,2059,2558,5078,74348,5325,128,978,44285,4417,9783,,
E09000008,Croydon,3549,3950,29563,15345,16080,40219,36108,12114,5740,4453,10380,9172,146268,4935,212,1120,36450,2259,12807,,
E09000009,Ealing,3685,4526,54806,16714,31510,22578,12898,4015,5445,2446,4597,6673,89265,8511,248,1430,59009,16105,22655,,
E09000010,Enfield,8123,2691,11870,3674,11615,36463,16990,7059,3818,2994,5165,7581,103140,5969,374,1121,61280,2535,37523,,
E09000011,Greenwich,2395,7125,10128,3538,14842,44185,8724,7693,3491,3302,5142,5362,119665,4230,385,882,35844,1462,10670,,
E09000012,Hackney,6554,3459,8832,2461,5579,29478,17903,7264,3691,2735,4749,6312,87927,5582,248,865,43087,2342,20079,,
E09000013,Hammersmith and Fulham,1277,4253,4100,2010,7666,13243,6626,2584,3142,1777,3157,4242,70105,4812,93,1485,39184,5534,7866,,
E09000014,Haringey,4819,3848,5838,2162,6413,24855,16339,5272,3915,2574,5325,6742,84298,5701,235,2004,58343,2525,23030,,
E09000015,Harrow,1820,2784,74744,10264,28540,10584,6514,2053,3140,1104,2187,3402,53567,5608,179,1421,34458,6239,12597,,
E09000016,Havering,4774,2011,11292,5683,4390,14138,4832,2597,2344,1535,3224,2644,174232,2894,259,433,19496,809,4465,,
E09000017,Hillingdon,4050,3184,57341,14243,23120,15844,5752,2359,4201,1897,3151,4110,113377,5585,479,691,27255,4462,14806,,
E09000018,Hounslow,2699,2664,60827,17454,22202,14895,3573,2342,4128,2142,2726,4518,81933,3894,296,980,39980,5461,15467,,
E09000019,Islington,5972,5125,4051,995,5389,18091,7368,3284,3750,2257,4171,6053,86092,7062,108,958,40534,2991,12339,,
E09000020,Kensington and Chelsea,1488,3839,3209,1282,7207,6944,3237,1098,3047,1288,1725,3465,46883,2825,84,1049,40553,6384,7766,,
E09000021,Kingston upon Thames,932,4127,7731,4380,12768,3105,1081,555,3540,1090,1564,2802,90288,2633,61,445,21404,3580,5979,,
E09000022,Lambeth,2502,4986,6054,3868,5641,37359,28991,9795,4541,4006,8348,8735,119395,6828,146,1537,46872,2649,15397,,
E09000023,Lewisham,1826,6296,5046,2361,11398,37834,31883,10756,4359,3774,8726,7394,111726,5055,116,1033,36819,1671,12480,,
E09000024,Merton,2470,3615,9607,9667,14660,12218,7632,3037,3756,1722,3009,4278,88673,4337,194,813,35600,1923,7976,,
E09000025,Newham,55677,6213,38642,31216,16439,40874,13586,6842,3324,3317,4253,5525,51819,2039,353,2342,51394,3534,13641,,
E09000026,Redbridge,31895,2918,51183,44000,16837,14573,8452,3071,3577,1717,3154,4288,71844,3092,185,1104,31749,2263,14359,,
E09000027,Richmond upon Thames,916,2777,7236,1749,4789,2260,936,491,4238,1205,1654,3565,123093,4866,85,400,28667,1721,4629,,
E09000028,Southwark,5547,8405,6145,2006,8437,48320,18156,10823,4653,3569,6401,7528,109253,6024,156,1579,41208,3123,16307,,
E09000029,Sutton,1778,3989,12618,6177,12225,7441,3450,1574,3068,1268,2777,3049,120014,3118,130,321,19562,1392,5685,,
E09000030,Tower Hamlets,107333,10279,10135,3341,6768,15373,4930,2390,4374,2236,3593,5206,71177,3567,110,2225,45187,3588,8494,,
E09000031,Waltham Forest,5166,2626,9134,28740,9879,18759,17587,5301,3875,2777,5135,6196,94766,4230,198,1397,46433,2884,13345,,
E09000032,Wandsworth,1639,4658,9599,12249,10169,17330,11356,4376,5776,2494,5340,6988,157048,8061,120,1730,55131,3860,9582,,
E09000033,Westminster,7533,6625,7965,2461,9658,10451,4307,1698,3718,2089,2061,5467,57162,3742,49,1503,50276,15439,12032,,
